"","sample","x","y"
"TACGTAGGGGGCAAGCGTTATCCGGAATTACTGGGTGTAAAGGGAGCGTAGACGGTAAGGTAAGTCTGGAGTGAAAGGCGGGGGCCCAACCCCCGGACTGCTCTGGAAACTATCATACTAGAGTGCAGGAGAGGTGAGCGGAATTCCTAGTGTAGCGGTGAAATGCGTAGATATTAGGAGGAACACCAGTGGCGAAGGCGGCTCACTGGACTGTAACTGACGTTGAGGCTCGAAAGCGTGGGGAGCAAACAGG","TACGTAGGGGGCAAGCGTTATCCGGAATTACTGGGTGTAAAGGGAGCGTAGACGGTAAGGTAAGTCTGGAGTGAAAGGCGGGGGCCCAACCCCCGGACTGCTCTGGAAACTATCATACTAGAGTGCAGGAGAGGTGAGCGGAATTCCTAGTGTAGCGGTGAAATGCGTAGATATTAGGAGGAACACCAGTGGCGAAGGCGGCTCACTGGACTGTAACTGACGTTGAGGCTCGAAAGCGTGGGGAGCAAACAGG",0.163000833139017,0.018542278167833
"TACGTAGGTGGCGAGCGTTATCCGGAATGATTGGGCGTAAAGGGTGCGCAGGCGGTCCTGCAAGTCTGGAGTGAAACGCATGAGCTCAACTCATGCATGGCTTTGGAAACTGGAGGACTGGAGAGCAGGAGAGGGCGGTGGAACTCCATGTGTAGCGGTAAAATGCGTAGATATATGGAAGAACACCAGTGGCGAAGGCGGCCGCCTGGCCTGTTGCTGACGCTGAGGCACGAAAGCGTGGGGAGCAAATAGG","TACGTAGGTGGCGAGCGTTATCCGGAATGATTGGGCGTAAAGGGTGCGCAGGCGGTCCTGCAAGTCTGGAGTGAAACGCATGAGCTCAACTCATGCATGGCTTTGGAAACTGGAGGACTGGAGAGCAGGAGAGGGCGGTGGAACTCCATGTGTAGCGGTAAAATGCGTAGATATATGGAAGAACACCAGTGGCGAAGGCGGCCGCCTGGCCTGTTGCTGACGCTGAGGCACGAAAGCGTGGGGAGCAAATAGG",-0.159799395308818,0.0895965865315927
"TACGTAGGGGGCAAGCGTTATCCGGATTTACTGGGTGTAAAGGGAGCGTAGACGGCAGCACAAGTCTGAAGTGAAATGCCGGGGCTTAACCCCGGAACTGCTTTGGAAACTGTGCAGCTAGAGTGCAGGAGAGGTAAGTGGAATTCCTAGTGTAGCGGTGAAATGCGTAGATATTAGGAGGAACACCAGTGGCGAAGGCGGCTTACTGGACTGTAACTGACGTTGAGGCTCGAAAGCGTGGGGAGCAAACAGG","TACGTAGGGGGCAAGCGTTATCCGGATTTACTGGGTGTAAAGGGAGCGTAGACGGCAGCACAAGTCTGAAGTGAAATGCCGGGGCTTAACCCCGGAACTGCTTTGGAAACTGTGCAGCTAGAGTGCAGGAGAGGTAAGTGGAATTCCTAGTGTAGCGGTGAAATGCGTAGATATTAGGAGGAACACCAGTGGCGAAGGCGGCTTACTGGACTGTAACTGACGTTGAGGCTCGAAAGCGTGGGGAGCAAACAGG",-0.1528693809781,-0.0243402149608803
"TACGTAGGGGGCAAGCGTTATCCGGATTTACTGGGTGTAAAGGGAGCGTAGACGGCAGCGCAAGTCTGAAGTGAAATGCCGGGGCTTAACCCCGGAACTGCTTTGGAAACTGTGCAGCTAGAGTGCAGGAGAGGTAAGTGGAATTCCTAGTGTAGCGGTGAAATGCGTAGATATTAGGAGGAACACCAGTGGCGAAGGCGGCTTACTGGACTGTAACTGACGTTGAGGCTCGAAAGCGTGGGGAGCAAACAGG","TACGTAGGGGGCAAGCGTTATCCGGATTTACTGGGTGTAAAGGGAGCGTAGACGGCAGCGCAAGTCTGAAGTGAAATGCCGGGGCTTAACCCCGGAACTGCTTTGGAAACTGTGCAGCTAGAGTGCAGGAGAGGTAAGTGGAATTCCTAGTGTAGCGGTGAAATGCGTAGATATTAGGAGGAACACCAGTGGCGAAGGCGGCTTACTGGACTGTAACTGACGTTGAGGCTCGAAAGCGTGGGGAGCAAACAGG",-0.149740578801686,-0.025597298157551
"TACGTAGGAGGCAAGCGTTATCCGGAATGACTGGGCGTAAAGGGTGCGTAGGTGGTTCGACAAGTTGGTAGCGTAATTCCGGGGCTCAACCTCGGCGCTACTACCAAAACTGTTGGGCTTGAGTGCAGGAGGGGCAGATGGAATTCCTAGTGTAGCGGTGGAATGCGTAGATATTAGGAGGAACACCAGTGGCGAAGGCGATCTGCTGGACTGTAACTGACACTGAGGCACGAAAGCGTGGGGAGCAAACAGG","TACGTAGGAGGCAAGCGTTATCCGGAATGACTGGGCGTAAAGGGTGCGTAGGTGGTTCGACAAGTTGGTAGCGTAATTCCGGGGCTCAACCTCGGCGCTACTACCAAAACTGTTGGGCTTGAGTGCAGGAGGGGCAGATGGAATTCCTAGTGTAGCGGTGGAATGCGTAGATATTAGGAGGAACACCAGTGGCGAAGGCGATCTGCTGGACTGTAACTGACACTGAGGCACGAAAGCGTGGGGAGCAAACAGG",-0.148933845608741,0.0383733144400672
"TACGTAGGGGGCAAGCGTTATCCGGATTTACTGGGTGTAAAGGGAGCGCAGACGGCTGTGCAAGTCTGGAGTGAAAGGCGGGGGCCCAACCCCCGGACTGCTCTGGAAACTGTAAAGCTGGAGTGCAGGAGAGGTAAGCGGAATTCCTAGTGTAGCGGTGAAATGCGTAGATATTAGGAGGAACACCAGTGGCGAAGGCGGCTTACTGGACTGCAACTGACGTTGAGGCTCGAAAGCGTGGGGAGCAAACAGG","TACGTAGGGGGCAAGCGTTATCCGGATTTACTGGGTGTAAAGGGAGCGCAGACGGCTGTGCAAGTCTGGAGTGAAAGGCGGGGGCCCAACCCCCGGACTGCTCTGGAAACTGTAAAGCTGGAGTGCAGGAGAGGTAAGCGGAATTCCTAGTGTAGCGGTGAAATGCGTAGATATTAGGAGGAACACCAGTGGCGAAGGCGGCTTACTGGACTGCAACTGACGTTGAGGCTCGAAAGCGTGGGGAGCAAACAGG",-0.147813761113799,-0.0317366160827447
"TACGTAGGGGGCAAGCGTTATCCGGATTCACTGGGTGTAAAGGGAGCGTAGACGGCAGAGCAAGTCTGGAGTGAAAGCCCGGGGCCCAACCCCGGGACTGCTCTGGAAACTGTACTGCTAGAGTGCGGGAGGGGCAGGCGGAATTCCTAGTGTAGCGGTGAAATGCGTAGATATTAGGAGGAACACCGGCGGCGAAGGCGGCCTGCTGGACCGTAACTGACGTTGAGGCTCGAAAGCGTGGGGAGCAAACAGG","TACGTAGGGGGCAAGCGTTATCCGGATTCACTGGGTGTAAAGGGAGCGTAGACGGCAGAGCAAGTCTGGAGTGAAAGCCCGGGGCCCAACCCCGGGACTGCTCTGGAAACTGTACTGCTAGAGTGCGGGAGGGGCAGGCGGAATTCCTAGTGTAGCGGTGAAATGCGTAGATATTAGGAGGAACACCGGCGGCGAAGGCGGCCTGCTGGACCGTAACTGACGTTGAGGCTCGAAAGCGTGGGGAGCAAACAGG",0.147506680787871,-0.0457894931588247
"TACGTATGGAGCAAGCGTTATCCGGATTTACTGGGTGTAAAGGGAGCGTAGGCGGCCTGGCAAGTCTGGTGTGAAATACCGGGGCCCAACCCCGGGACTGCATTGGAAACTGCCAGGCTGGAGTGTCGGAGGGGCAGGCGGAATTCCTAGTGTAGCGGTGAAATGCGTAGATATTAGGAGGAACACCGGTGGCGAAGGCGGCCTGCTGGACGACAACTGACGCTGAGGCTCGAAAGCGTGGGGAGCAAACAGG","TACGTATGGAGCAAGCGTTATCCGGATTTACTGGGTGTAAAGGGAGCGTAGGCGGCCTGGCAAGTCTGGTGTGAAATACCGGGGCCCAACCCCGGGACTGCATTGGAAACTGCCAGGCTGGAGTGTCGGAGGGGCAGGCGGAATTCCTAGTGTAGCGGTGAAATGCGTAGATATTAGGAGGAACACCGGTGGCGAAGGCGGCCTGCTGGACGACAACTGACGCTGAGGCTCGAAAGCGTGGGGAGCAAACAGG",0.142388451543407,0.0232379363055704
"AACGTAGGGTGCAAGCGTTGTCCGGAATTACTGGGTGTAAAGGGAGCGCAGGCGGATTGACAAGTTGGGAGTGAAAACTACGGGCTCAACCCGTAACCTGCTTTCAAAACTGTCAGTCTTGAGTGGTGTAGAGGTAGGCGGAATTCCCGGTGTAGCGGTGGAATGCGTAGATATCGGGAGGAACACCAGTGGCGAAGGCGGCCTACTGGGCACTAACTGACGCTGAGGCTCGAAAGCATGGGTAGCAAACAGG","AACGTAGGGTGCAAGCGTTGTCCGGAATTACTGGGTGTAAAGGGAGCGCAGGCGGATTGACAAGTTGGGAGTGAAAACTACGGGCTCAACCCGTAACCTGCTTTCAAAACTGTCAGTCTTGAGTGGTGTAGAGGTAGGCGGAATTCCCGGTGTAGCGGTGGAATGCGTAGATATCGGGAGGAACACCAGTGGCGAAGGCGGCCTACTGGGCACTAACTGACGCTGAGGCTCGAAAGCATGGGTAGCAAACAGG",0.141805941052793,-0.0296663452021261
"TACGTAGGTGGCAAGCGTTGTCCGGATTTACTGGGTGTAAAGGGCGTGCAGCCGGGAAGACAAGTCAGATGTGAAATCCCGCGGCTCAACCGCGGAACTGCATTTGAAACTGTTTTTCTTGAGTATCGGAGAGGTAATCGGAATTCCTAGTGTAGCGGTGAAATGCGTAGATATTAGGAAGAACACCAGTGGCGAAGGCGGATTACTGGACGACAACTGACGGTGAGGCGCGAAAGCGTGGGGAGCAAACAGG","TACGTAGGTGGCAAGCGTTGTCCGGATTTACTGGGTGTAAAGGGCGTGCAGCCGGGAAGACAAGTCAGATGTGAAATCCCGCGGCTCAACCGCGGAACTGCATTTGAAACTGTTTTTCTTGAGTATCGGAGAGGTAATCGGAATTCCTAGTGTAGCGGTGAAATGCGTAGATATTAGGAAGAACACCAGTGGCGAAGGCGGATTACTGGACGACAACTGACGGTGAGGCGCGAAAGCGTGGGGAGCAAACAGG",-0.141316590310091,0.0105507834874302
"TACGTAGGGGGCAAGCGTTATCCGGATTTACTGGGTGTAAAGGGAGCGTAGACGGCGATGCAAGTCTGAAGTGAAATGCCAGTGCTCAACACTGGAACTGCTTTGGAAACTGTATGGCTAGAGTGCAGGAGAGGTAAGTGGAATTCCTAGTGTAGCGGTGAAATGCGTAGATATTAGGAGGAACACCAGTGGCGAAGGCGGCTTACTGGACTGTAACTGACGTTGAGGCTCGAAAGCGTGGGGAGCAAACAGG","TACGTAGGGGGCAAGCGTTATCCGGATTTACTGGGTGTAAAGGGAGCGTAGACGGCGATGCAAGTCTGAAGTGAAATGCCAGTGCTCAACACTGGAACTGCTTTGGAAACTGTATGGCTAGAGTGCAGGAGAGGTAAGTGGAATTCCTAGTGTAGCGGTGAAATGCGTAGATATTAGGAGGAACACCAGTGGCGAAGGCGGCTTACTGGACTGTAACTGACGTTGAGGCTCGAAAGCGTGGGGAGCAAACAGG",-0.0137903223819231,-0.241464174375764
"TACGTAGGGGGCAAGCGTTATCCGGATTTACTGGGTGTAAAGGGAGCGTAGACGGAAAGGCAAGTCAGAAGTGAAAGCCCAAGGCTCAACCATGGGACTGCTTTTGAAACTGTCAAACTAGAGTACGGGAGAGGTAAGAGGAATTCCTAGTGTAGCGGTGAAATGCGTAGATATTAGGAGGAACACCAGTGGCGAAGGCGTCTTACTGGACCGAAACTGACGTTGAGGCTCGAAAGCGTGGGGAGCAAACAGG","TACGTAGGGGGCAAGCGTTATCCGGATTTACTGGGTGTAAAGGGAGCGTAGACGGAAAGGCAAGTCAGAAGTGAAAGCCCAAGGCTCAACCATGGGACTGCTTTTGAAACTGTCAAACTAGAGTACGGGAGAGGTAAGAGGAATTCCTAGTGTAGCGGTGAAATGCGTAGATATTAGGAGGAACACCAGTGGCGAAGGCGTCTTACTGGACCGAAACTGACGTTGAGGCTCGAAAGCGTGGGGAGCAAACAGG",0.0736265603430086,-0.223441028821552
"TACGTATGGAGCAAGCGTTATCCGGATTTACTGGGTGTAAAGGGAGCGTAGGCGGCCTGGCAAGTCTGGTGTGAAAACCCGGGGCCCAACCCCGGGAGTGCATTGGAAACTGCCAGGCTGGAGTGCCGGAGGGGCAGGCGGAATTCCTAGTGTAGCGGTGAAATGCGTAGATATTAGGAGGAACACCGGTGGCGAAGGCGGCCTGCTGGACGGCAACTGACGCTGAGGCTCGAAAGCGTGGGGAGCAAACAGG","TACGTATGGAGCAAGCGTTATCCGGATTTACTGGGTGTAAAGGGAGCGTAGGCGGCCTGGCAAGTCTGGTGTGAAAACCCGGGGCCCAACCCCGGGAGTGCATTGGAAACTGCCAGGCTGGAGTGCCGGAGGGGCAGGCGGAATTCCTAGTGTAGCGGTGAAATGCGTAGATATTAGGAGGAACACCGGTGGCGAAGGCGGCCTGCTGGACGGCAACTGACGCTGAGGCTCGAAAGCGTGGGGAGCAAACAGG",-0.0308277394679322,-0.218694552310179
"TACGTAGGGGGCAAGCGTTATCCGGATTTACTGGGTGTAAAGGGTGCGTAGGTGGCAGGGCAAGTCAGATGTGAAAGCCCGGGGCTCAACCCCGGTATTGCATTTGAAACTGTCCGGCTGGAGTGCAGGAGAGGTAAGCGGAATTCCTAGTGTAGCGGTGAAATGCGTAGATATTAGGAGGAACACCAGTGGCGAAGGCGGCTTACTGGACTGTAACTGACACTGAGGCACGAAAGCGTGGGGAGCAAACAGG","TACGTAGGGGGCAAGCGTTATCCGGATTTACTGGGTGTAAAGGGTGCGTAGGTGGCAGGGCAAGTCAGATGTGAAAGCCCGGGGCTCAACCCCGGTATTGCATTTGAAACTGTCCGGCTGGAGTGCAGGAGAGGTAAGCGGAATTCCTAGTGTAGCGGTGAAATGCGTAGATATTAGGAGGAACACCAGTGGCGAAGGCGGCTTACTGGACTGTAACTGACACTGAGGCACGAAAGCGTGGGGAGCAAACAGG",-0.0462264366632294,-0.217543088884775
"TACGTAGGTGGCAAGCGTTATCCGGAATGATTGGGCGTAAAGGGTGCGTAGGCGGCAAAATAAGTCTGAAGTAAAAGGCGTTGGCTCAACCAACGTAAGCTTTGGAAACTGTTAAGCTAGCGTGCAGGAGAGGTTAGTGGAATTCCATGTGTAGCGGTAAAATGCGTAGATATATGGAGGAACACCAGTGGCGAAGGCGGCTAACTGGCCTGTAACGGACGCTGAGGCACGAAAGCGTGGGGAGCAAATAGG","TACGTAGGTGGCAAGCGTTATCCGGAATGATTGGGCGTAAAGGGTGCGTAGGCGGCAAAATAAGTCTGAAGTAAAAGGCGTTGGCTCAACCAACGTAAGCTTTGGAAACTGTTAAGCTAGCGTGCAGGAGAGGTTAGTGGAATTCCATGTGTAGCGGTAAAATGCGTAGATATATGGAGGAACACCAGTGGCGAAGGCGGCTAACTGGCCTGTAACGGACGCTGAGGCACGAAAGCGTGGGGAGCAAATAGG",0.0094641015531226,-0.209264055991198
"TACGTAGGGGGCGAGCGTTATCCGGATTTACTGGGTGTAAAGGGAGCGCAGGCGGCGTGGCAAGTCAGATGTGAAAACCCGGGGCCCAACCCCGGGAGTGCATTTGAAACTGCCATGCTGGAGTGCCGGAGAGGCAAGTGGAATTCCTAGTGTAGCGGTGAAATGCGTAGATATTAGGAGGAACACCAGTGGCGGAGGCGGCTTGCTGGACGGTAACTGACGCTGAGGCTCGAAAGCGTGGGGAGCAAACAGG","TACGTAGGGGGCGAGCGTTATCCGGATTTACTGGGTGTAAAGGGAGCGCAGGCGGCGTGGCAAGTCAGATGTGAAAACCCGGGGCCCAACCCCGGGAGTGCATTTGAAACTGCCATGCTGGAGTGCCGGAGAGGCAAGTGGAATTCCTAGTGTAGCGGTGAAATGCGTAGATATTAGGAGGAACACCAGTGGCGGAGGCGGCTTGCTGGACGGTAACTGACGCTGAGGCTCGAAAGCGTGGGGAGCAAACAGG",0.10038039517328,-0.208785886435929
"TACGTAGGGGGCGAGCGTTATCCGGATTTACTGGGTGTAAAGGGAGCGTAGACGGCCATGCAAGCCTGATGTGAAAGGTGCGGGCACAACCCGCACACTGCATTGGGAACTGTGCGGCTGGAGTGTCGGAGGGGCAGGCGGAATTCCTGGTGTAGCGGTGAAATGCGTAGATATCAGGAGGAACACCGGTGGCGAAGGCGGCCTGCTGGACGACGACTGACGTTGAGGCTCGAGAGCGTGGGGAGCGAACAGG","TACGTAGGGGGCGAGCGTTATCCGGATTTACTGGGTGTAAAGGGAGCGTAGACGGCCATGCAAGCCTGATGTGAAAGGTGCGGGCACAACCCGCACACTGCATTGGGAACTGTGCGGCTGGAGTGTCGGAGGGGCAGGCGGAATTCCTGGTGTAGCGGTGAAATGCGTAGATATCAGGAGGAACACCGGTGGCGAAGGCGGCCTGCTGGACGACGACTGACGTTGAGGCTCGAGAGCGTGGGGAGCGAACAGG",0.12086381357077,-0.206108992956667
"TACGTAGGGAGCAAGCGTTGTCCGGAATTACTGGGCGTAAAGGGCGCGTAGGTGGGTGCTTAAGTCAGGTGTGAAAACTCTGGGCTCAACCTGGAGACTGCACTTGAAACTGGGCGTCTTGAGGGCAGGAGAGGAAAGTGGAATTCCTAGTGTAGCGGTGAAATGCGTAGATATTAGGAGGAACACCAGTGGCGAAGGCGACTTTCTGGACTGTACCTGACGCTGAGGCGCGAAAGCGTGGGTAGCGAACGGG","TACGTAGGGAGCAAGCGTTGTCCGGAATTACTGGGCGTAAAGGGCGCGTAGGTGGGTGCTTAAGTCAGGTGTGAAAACTCTGGGCTCAACCTGGAGACTGCACTTGAAACTGGGCGTCTTGAGGGCAGGAGAGGAAAGTGGAATTCCTAGTGTAGCGGTGAAATGCGTAGATATTAGGAGGAACACCAGTGGCGAAGGCGACTTTCTGGACTGTACCTGACGCTGAGGCGCGAAAGCGTGGGTAGCGAACGGG",0.1263262951696,-0.19645728720132
"TACGTAGGTCCCGAGCGTTATCCGGATTTATTGGGCGTAAAGCGAGCGCAGGCGGTTGGATAAGTCTGAAGTTAAAGGCTGTGGCTTAACCATAGTATGCTTTGGAAACTGTTCAACTTGAGTACAGAAGGGGAGAGTGGAATTCCATGTGTAGCGGTGGAATGCGTAGATATATGGAGGAACACCGGTGGCGAAAGCGGCTCTCTGGTCTGTAACTGACGCTGAGGCTCGAAAGCGTGGGTAGCGAACAGG","TACGTAGGTCCCGAGCGTTATCCGGATTTATTGGGCGTAAAGCGAGCGCAGGCGGTTGGATAAGTCTGAAGTTAAAGGCTGTGGCTTAACCATAGTATGCTTTGGAAACTGTTCAACTTGAGTACAGAAGGGGAGAGTGGAATTCCATGTGTAGCGGTGGAATGCGTAGATATATGGAGGAACACCGGTGGCGAAAGCGGCTCTCTGGTCTGTAACTGACGCTGAGGCTCGAAAGCGTGGGTAGCGAACAGG",0.0227361860535702,-0.195869397460101
"TACGTAGGGGGCAAGCGTTATCCGGATTTACTGGGTGTAAAGGGTGCGTAGGTGGTGTGGCAAGTCAGAAGTGAAAACGCGGGGCTCAACCCCGCGACTGCTTTTGAAACTGTCAGACTGGAGTACAGGAGAGGCAGGCGGAATTCCTAGTGTAGCGGTGAAATGCGTAGATATTAGGAGGAACACCAGTGGCGAAGGCGGCCTGCTGGACTGTTACTGACACTGAGGCACGAAAGCGTGGGGAGCAAACAGG","TACGTAGGGGGCAAGCGTTATCCGGATTTACTGGGTGTAAAGGGTGCGTAGGTGGTGTGGCAAGTCAGAAGTGAAAACGCGGGGCTCAACCCCGCGACTGCTTTTGAAACTGTCAGACTGGAGTACAGGAGAGGCAGGCGGAATTCCTAGTGTAGCGGTGAAATGCGTAGATATTAGGAGGAACACCAGTGGCGAAGGCGGCCTGCTGGACTGTTACTGACACTGAGGCACGAAAGCGTGGGGAGCAAACAGG",0.0943213785950668,-0.19550336907747
