#OTU ID	PFF_Colon_11	PFF_Colon_12	PFF_Colon_13	PFF_Colon_14	PFF_Colon_15	PFF_Colon_16	PFF_Colon_17	PFF_Colon_18	PFF_Colon_19	PFF_Colon_1904	PFF_Colon_1906	PFF_Colon_1907	PFF_Colon_1908	PFF_Colon_1910	PFF_Colon_1913	PFF_Colon_1914	PFF_Colon_1917	PFF_Colon_1920	PFF_Colon_1921	PFF_Colon_1937	PFF_Colon_1938	PFF_Colon_1941	PFF_Colon_1942	PFF_Colon_1943	PFF_Colon_1944	PFF_Colon_1945	PFF_Colon_1946	PFF_Colon_21	PFF_Colon_25	PFF_Colon_27	PFF_Colon_28	PFF_Colon_30	PFF_Colon_32	PFF_Colon_35	PFF_Colon_36	PFF_Colon_37	taxonomy
TACGTAGGTGGCAAGCGTTATCCGGATTTATTGGGCGTAAAGGGAACGCAGGCGGTCTTTTAAGTCTGATGTGAAAGCCTTCGGCTTAACCGGAGTAGTGCATTGGAAACTGGGAGACTTGAGTGCAGAAGAGGAGAGTGGAACTCCATGTGTAGCGGTGAAATGCGTAGATATATGGAAGAACACCAGTGGCGAAAGCGGCTCTCTGGTCTGTAACTGACGCTGAGGTTCGAAAGCGTGGGTAGCAAACAGG	13324	7187	5196	20404	1456	22753	5973	18833	15494	13818	4127	6386	7532	10749	12561	6727	3558	6896	2929	7960	2705	14314	13447	12134	6158	10159	4905	12558	18823	10091	20797	8106	7213	3820	2081	12936	
TACGGAGGATGCGAGCGTTATCCGGATTTATTGGGTTTAAAGGGTGCGCAGGCGGTCTGTTAAGTCAGCGGTCAAAGCCCGGGGCTCAACCCCGGCCCGCCGTTGAAACTGGCAGTCTCGAGTTGGAGAGAAGTATGCGGAATGCGCGGTGTAGCGGTGAAATGCATAGATATCGCGCAGAACTCCGATTGCGAAGGCAGCATGCCGGCTCCACACTGACGCTGAGGCACGAAAGCGTGGGTATCGAACAGG	7954	4469	5266	6528	4625	3575	704	775	4281	5708	6006	5171	4295	4199	1999	6748	7733	700	3176	243	9437	1042	7098	8732	6798	5402	6518	2665	8271	3176	451	122	842	1645	407	7563	
TACGTAGGTGGCAAGCGTTGTCCGGATTTATTGGGCGTAAAGCGAGTGCAGGCGGTTCAATAAGTCTGATGTGAAAGCCTTCGGCTCAACCGGAGAATTGCATCAGAAACTGTTGAACTTGAGTGCAGAAGAGGAGAGTGGAACTCCATGTGTAGCGGTGGAATGCGTAGATATATGGAAGAACACCAGTGGCGAAGGCGGCTCTCTGGTCTGCAACTGACGCTGAGGCTCGAAAGCATGGGTAGCGAACAGG	0	0	20	0	0	0	1217	231	86	0	20	521	487	1788	0	0	969	2887	781	0	0	370	0	0	0	0	0	0	14	15	0	0	251	250	577	451	
TACGGAGGGCGCGAGCGTTAATCGGAATTACTGGGCGTAAAGCGCGCGTAGGCTGTTGTGTAAGTTGGGGGTGAAATCCCACGGCTCAACCGTGGAACAGCCCTTGATACTGCGCGACTTGAATCCGGGAGAGGGTGGCGGAATTCCAGGTGTAGGAGTGAAATCCGTAGATATCTGGAGGAACATCAGTGGCGAAGGCGGCCACCTGGACCGGTATTGACGCTGAGGCGCGAAAGCGTGGGGAGCAAACAGG	63	271	67	54	417	19	81	288	106	236	289	763	290	26	80	109	146	0	116	7	0	82	326	408	135	20	146	184	31	677	57	62	95	92	921	332	
TACGGAGGATGCGAGCGTTATCCGGATTTATTGGGTTTAAAGGGTGCGCAGGCGGCCTGTTAAGTCAGCGGTAAAAGCCCGGGGCTCAACCCCGGCGAGCCGTTGAAACTGGCGGGCTGGAGTTGGAGAGAAGTACGCGGAATGCGCGGTGTAGCGGTGAAATGCTTAGATATCGCGCAGAACCCCGATTGCGAAGGCAGCGTACCGGCTCCACACTGACGCTGAGGCACGAAAGCGTGGGTATCGAACAGG	391	291	1003	863	760	989	1232	868	1132	1221	866	1178	772	646	805	881	873	760	785	778	471	1172	1000	1191	1290	707	494	520	1243	725	1017	621	1386	1351	1459	239	
TACGGAGGATGCGAGCGTTATCCGGATTTATTGGGTTTAAAGGGTGCGCAGGCGGAATGTCAAGTCAGCGGTAAAATTTCGGGGCTCAACCCCGTCGTGCCGTTGAAACTGGCGTTCTTGAGTGAGCGAGAAGTATGCGGAATGCGTGGTGTAGCGGTGAAATGCATAGATATCACGCAGAACTCCGATTGCGAAGGCAGCATACCGGCGCTCAACTGACGCTCATGCACGAAAGCGTGGGTATCGAACAGG	1668	401	1548	558	387	515	137	255	548	1734	1245	1115	894	1188	109	349	477	736	254	59	1439	536	413	327	251	176	785	780	1628	403	570	304	1658	1932	903	1329	
TACGGAGGATGCGAGCGTTATCCGGATTTATTGGGTTTAAAGGGTGCGCAGGCGGCGAGTTAAGTCAGCGGTAAAATTTCGGGGCTCAACCCCGACAAGCCGTTGAAACTGGCTTGCTAGAGTGGGCGAGAAGTATGCGGAATGCGTGGTGTAGCGGTGAAATGCATAGATATCACGCAGAACTCCGATTGCGAAGGCAGCATACCGGCGCCCAACTGACGCTCAGGCACGAAAGCGTGGGTATCGAACAGG	1359	374	757	611	360	802	1152	80	501	1006	820	296	610	79	561	624	1014	393	1121	178	374	1108	690	998	754	356	245	946	677	670	679	991	723	1742	645	597	
TACGTAGGTGGCAAGCGTTATCCGGATTTATTGGGCGTAAAGCGAGCGCAGGCGGTTGCTTAGGTCTGATGTGAAAGCCTTCGGCTTAACCGAAGAAGTGCATCGGAAACCGGGCGACTTGAGTGCAGAAGAGGACAGTGGAACTCCATGTGTAGCGGTGGAATGCGTAGATATATGGAAGAACACCAGTGGCGAAGGCGGCTGTCTGGTCTGCAACTGACGCTGAGGCTCGAAAGCATGGGTAGCGAACAGG	0	9	33	24	0	0	468	192	23	65	70	155	379	3696	21	0	626	1884	738	0	74	435	25	0	0	0	21	0	20	18	0	0	133	53	136	179	
TACGGAGGATGCGAGCGTTATCCGGATTTATTGGGTTTAAAGGGTGCGCAGGCGGGCTGTCAAGTCAGCGGTAAAATTGAGAGGCTCAACCTCTTCGAGCCGTTGAAACTGGCGGTCTTGAGTGAGCGAGAAGTACGCGGAATGCGTGGTGTAGCGGTGAAATGCATAGATATCACGCAGAACTCCGATTGCGAAGGCAGCGTACCGGCGCTCAACTGACGCTCATGCACGAAAGCGTGGGTATCGAACAGG	623	234	410	58	139	271	289	42	275	0	356	0	176	249	0	231	942	406	169	161	197	866	78	355	341	325	0	0	551	124	24	0	363	0	0	0	
TACGGAGGATGCGAGCGTTATCCGGATTTATTGGGTTTAAAGGGTGCGTAGGCGGTCCGTTAAGTCAGCGGTAAAATTGCGGGGCTCAACCCCGTCGAGCCGTTGAAACTGGCAGACTTGAGTTGGCGAGAAGTACGCGGAATGCGCGGTGTAGCGGTGAAATGCATAGATATCGCGCAGAACTCCGATTGCGAAGGCAGCGTACCGGCGCCAGACTGACGCTGAGGCACGAAAGCGTGGGGATCGAACAGG	415	401	992	805	967	498	246	175	1149	599	363	788	522	664	270	493	248	374	286	116	777	709	203	195	755	516	1545	146	853	855	100	390	628	2113	1728	926	
TACGGAGGATGCGAGCGTTATCCGGATTTATTGGGTTTAAAGGGTGCGTAGGCGGACTGTCAAGTCAGCGGTAAAATACGGGGGCTCAACCTCCGCCCGCCGTTGAAACTGACGGTCTTGAGTGGGCGAGAAGTATGCGGAATGCGTGGTGTAGCGGTGAAATGCATAGATATCACGCAGAACTCCGATTGCGAAGGCAGCATACCGGCGCCCAACTGACGCTGAAGCACGAAAGCGTGGGTATCGAACAGG	685	116	699	554	385	848	287	177	448	368	1051	1210	260	193	535	1265	438	265	279	274	371	387	747	262	334	158	259	81	229	102	734	192	749	1031	360	177	
TACGTAGGTGGCAAGCGTTGTCCGGATTTATTGGGCGTAAAGCGAGCGCAGGCGGAAAGATAAGTCTGATGTGAAAGCCCCCGGCTTAACCGAGGAATTGCATCGGAAACTGTGTTTCTTGAGTGCAGAAGAGGAGAGTGGAACTCCATGTGTAGCGGTGGAATGCGTAGATATATGGAAGAACACCAGTGGCGAAGGCGGCTCTCTGGTCTGTAACTGACGCTGAGGCTCGAAAGCATGGGTAGCGAACAGG	0	0	14	0	0	0	510	141	22	0	0	78	289	870	0	0	460	900	138	0	0	300	8	0	0	0	10	0	0	0	6	0	288	61	175	158	
TACGTAGGTGGCAAGCGTTATCCGGAATTATTGGGCGTAAAGAGCGCGCAGGTGGTTAATTAAGTCTGATGTGAAAGCCCACGGCTTAACCGTGGAGGGTCATTGGAAACTGGTTGACTTGAGTGCAGAAGAGGGAAGTGGAATTCCATGTGTAGCGGTGAAATGCGTAGAGATATGGAGGAACACCAGTGGCGAAGGCGGCTTCCTGGTCTGCAACTGACACTGAGGCGCGAAAGCGTGGGGAGCAAACAGG	43	0	26	79	0	0	790	8	166	3027	44	503	124	25	581	489	307	209	149	93	13	193	0	13	0	0	0	0	16	0	9	157	607	0	7822	0	
TACGGAGGATGCGAGCGTTATCCGGATTTATTGGGTTTAAAGGGTGCGCAGGCGGAGGTGCAAGTCAGCGGTCAAATTGCGGGGCTCAACCCCGTACTGCCGTTGAAACTGCATCCCTTGAGTGCGCGAGAAGTATGCGGAATGCGTGGTGTAGCGGTGAAATGCATAGATATCACGCAGAACTCCGATTGCGAAGGCAGCATACCGGCGCGCAACTGACGCTCATGCACGAAAGCGTGGGTATCGAACAGG	962	118	1504	683	247	512	154	114	286	497	903	398	403	235	171	436	241	173	203	120	829	184	331	353	275	718	520	276	649	181	519	457	1016	996	860	1095	
TACGGAGGATGCGAGCGTTATCCGGATTTATTGGGTTTAAAGGGTGCGTAGGCGGACGCTTAAGTCAGCGGTAAAATTGCGGGGCTCAACCTCGTCGAGCCGTTGAAACTGGGTGCCTTGAGTGGGCGAGAAGTACGCGGAATGCGTGGTGTAGCGGTGAAATGCATAGATATCACGCAGAACTCCGATTGCGAAGGCAGCGTACCGGCGCCCAACTGACGCTGAAGCACGAAGGCGTGGGTATCGAACAGG	368	350	129	409	782	100	134	197	269	318	285	757	246	403	82	531	312	316	205	62	280	198	328	244	541	83	953	243	415	640	57	111	169	1187	334	907	
TACGGAGGATGCGAGCGTTATCCGGATTTATTGGGTTTAAAGGGTGCGTAGGCGGGCTGTTAAGTCAGCGGTAAAAGCCCGGGGCTCAACCCCGGCGAGCCGTTGAAACTGGCGGTCTTGAGAGGCCGAGAGGTATGCGGAATGCGCAGTGTAGCGGTGAAATGCTTAGATATTGCGCAGAACTCCGATTGCGAAGGCAGCATACCGGCGGCGATCTGACGCTGAGGCACGAAAGCGTGGGTATCGAACAGG	679	469	246	552	358	240	239	75	541	447	231	228	224	321	338	405	251	192	183	99	99	251	180	428	555	268	505	344	316	507	213	636	481	1205	934	494	
TACGGAGGATGCGAGCGTTATCCGGATTTATTGGGTTTAAAGGGTGCGTAGGCGGGACCTTAAGTCAGCGGTTAAATCGCGGGGCTCAACCTCGCTCTGCCGTTGAAACTGGGGTCCTTGAGTGGGCGAGAAGTACGCGGAATGCGTGGTGTAGCGGTGAAATGCATAGATATCACGCAGAACTCCGATTGCGAAGGCAGCGTACCGGCGCCCTACTGACGCTGAAGCACGAAAGCGTGGGTATCGAACAGG	125	17	878	298	0	505	223	34	687	394	0	341	250	127	366	0	18	81	129	266	357	340	150	179	77	464	0	0	284	369	882	260	429	74	182	21	
TACAGAGGTCTCAAGCGTTGTTCGGAATCACTGGGCGTAAAGCGTGCGTAGGCTGTTTCGTAAGTCGTGTGTGAAAGGCGCGGGCTCAACCCGCGGACGGCACATGATACTGCGAGACTAGAGTAATGGAGGGGGAACCGGAATTCTCGGTGTAGCAGTGAAATGCGTAGATATCGAGAGGAACACTCGTGGCGAAGGCGGGTTCCTGGACATTAACTGACGCTGAGGCACGAAGGCCAGGGGAGCGAAAGGG	40	38	409	67	2888	410	1261	181	45	0	888	447	50	18	12	147	141	408	500	2808	669	313	1226	2033	2473	206	407	0	35	9	17	5	0	275	0	29	
TACGGAGGATGCGAGCGTTATCCGGATTTATTGGGTTTAAAGGGTGCGTAGGCGGACTGTTAAGTCAGCGGTAAAAGCCCGGGGCTCAACCCCGGCGAGCCGTTGAAACTGGCTGTCTTGAGACGTCGAGAGGTATGCGGAATGCGCAGTGTAGCGGTGAAATGCTTAGATATTGCGCAGAACTCCGATTGCGAAGGCAGCATACCGGCGGCGATCTGACGCTGAGGCACGAAAGCGTGGGTATCGAACAGG	535	356	204	447	326	185	141	52	423	325	227	175	178	231	289	338	209	140	162	96	72	219	149	274	449	211	441	206	251	479	158	517	341	873	730	451	
TACGGAGGATGCGAGCGTTATCCGGATTTATTGGGTTTAAAGGGTGCGTAGGCGGGCTTTTAAGTCAGCGGTAAAAATTCGGGGCTCAACCCCGTCCGGCCGTTGAAACTGGGGGCCTTGAGTGGGCGAGAAGAAGGCGGAATGCGTGGTGTAGCGGTGAAATGCATAGATATCACGCAGAACCCCGATTGCGAAGGCAGCCTTCCGGCGCCCTACTGACGCTGAGGCACGAAAGTGCGGGGATCGAACAGG	123	107	230	224	185	190	110	130	373	315	449	511	310	197	375	442	73	83	54	89	266	148	370	118	688	318	546	75	311	129	258	207	399	299	376	302	
TACGGAGGATGCGAGCGTTATCCGGATTTATTGGGTTTAAAGGGTGCGTAGGCGGAATATCAAGTCAGCGGTAAAAATTCGGGGCTCAACCCCGTCGTGCCGTTGAAACTGATGTTCTTGAGTGGGCGAGAAGTATGCGGAATGCGTGGTGTAGCGGTGAAATGCATAGATATCACGCAGAACTCCGATTGCGAAGGCAGCATACCGGCGCCCAACTGACGCTGAAGCACGAAAGCGTGGGTATCGAACAGG	904	175	630	237	309	185	104	64	331	865	297	500	230	518	100	326	329	193	249	154	630	222	124	180	218	259	377	293	523	141	158	75	364	517	143	257	
TACGTAGGGGGCAAGCGTTATCCGGATTTACTGGGTGTAAAGGGAGCGTAGACGGCAGCGCAAGTCTGAAGTGAAATGCCGGGGCTTAACCCCGGAACTGCTTTGGAAACTGTGCAGCTAGAGTGCAGGAGAGGTAAGTGGAATTCCTAGTGTAGCGGTGAAATGCGTAGATATTAGGAGGAACACCAGTGGCGAAGGCGGCTTACTGGACTGTAACTGACGTTGAGGCTCGAAAGCGTGGGGAGCAAACAGG	0	7032	0	0	2964	0	0	0	106	0	0	0	0	530	0	0	0	0	764	0	0	0	38	0	0	0	155	0	0	0	0	0	43	0	61	1098	
TACGTAGGTGGCGAGCGTTATCCGGAATGATTGGGCGTAAAGGGTGCGCAGGCGGTCCTGCAAGTCTGGAGTGAAACGCATGAGCTCAACTCATGCATGGCTTTGGAAACTGGAGGACTGGAGAGCAGGAGAGGGCGGTGGAACTCCATGTGTAGCGGTAAAATGCGTAGATATATGGAAGAACACCAGTGGCGAAGGCGGCCGCCTGGCCTGTTGCTGACGCTGAGGCACGAAAGCGTGGGGAGCAAATAGG	755	0	0	0	0	124	0	0	0	178	17	625	42	16	108	61	50	0	0	0	4686	0	29	19	0	94	0	0	0	0	19	0	0	0	0	0	
TACGGAGGATCCGAGCGTTATCCGGATTTATTGGGTTTAAAGGGAGCGTAGGTGGATTGTTAAGTCAGTTGTGAAAGTTTGCGGCTCAACCGTAAAATTGCAGTTGAAACTGGCAGTCTTGAGTACAGTAGAGGTGGGCGGAATTCGTGGTGTAGCGGTGAAATGCTTAGATATCACGAAGAACTCCGATTGCGAAGGCAGCTCACTGGACTGCAACTGACACTGAGGCTCGAAAGTGTGGGTATCAAACAGG	1095	241	1557	369	215	234	108	432	199	279	498	432	159	243	59	164	138	84	206	107	459	131	204	529	315	371	1326	449	347	402	668	67	266	1026	585	940	
TACGGAGGATGCGAGCGTTATCCGGATTTATTGGGTTTAAAGGGTGCGTAGGCGGCCTGCCAAGTCAGCGGTAAAATTGCGGGGCTCAACCCCGTACAGCCGTTGAAACTGCCGGGCTCGAGTGGGCGAGAAGTATGCGGAATGCGTGGTGTAGCGGTGAAATGCATAGATATCACGCAGAACCCCGATTGCGAAGGCAGCATACCGGCGCCCGACTGACGCTGAGGCACGAAAGTGCGGGGATCAAACAGG	981	354	215	566	489	1013	347	40	73	103	126	100	125	39	306	477	388	223	148	231	77	424	566	634	1816	207	29	192	220	996	187	561	543	184	773	134	
TACGGAGGATGCGAGCGTTATCCGGATTTATTGGGTTTAAAGGGTGCGCAGGCGGATTTTTAAGTCAGCGGTCAAATCGTGGGGCTCAACCCCATCCAGCCGTTGAAACTGGGGATCTAGAGTGTGCGAGAGGTATGCGGAATGCGTGGTGTAGCGGTGAAATGCATAGATATCACGCAGAACCCCGATTGCGAAGGCAGCATACCGGTGCACAACTGACGCTCAGGCACGAAAGCGTGGGTATCGAACAGG	263	138	626	479	467	475	438	228	184	142	206	147	180	104	89	343	155	312	402	446	237	205	342	461	654	184	678	73	107	295	399	161	117	572	525	342	
TACGGGGGATGCAAGCGTTATCCGGATTTATTGGGTTTAAAGGGTGCGTAGGCTGTGAGGTAAGTCAGCGGTGAAATGCCCCCGCTCAACGGGGTGAAGTGCCATTGATACTGCCTTGCTGGAATGCGGATGCCGTGGGAGGAATGTGTGGTGTAGCGGTGAAATGCATAGATATCACACAGAACACCGATTGCGAAGGCATCTCACGAATCCGCGATTGACGCTGATGCACGAAAGCGTGGGTATCAAACAGG	248	165	217	148	1325	357	200	403	171	243	358	67	48	525	144	497	321	96	417	249	146	69	202	279	655	167	2122	17	97	222	582	503	175	630	283	669	
TACGTAGGGGGCAAGCGTTATCCGGATTTACTGGGTGTAAAGGGAGCGTAGACGGCGCGGCAAGTCTGAAGTGAAAGGCAGGGGCTTAACCCCTGAACTGCTTTGGAAACTGCCATGCTAGAGTGCTGGAGAGGTAAGTGGAATTCCTAGTGTAGCGGTGAAATGCGTAGATATTAGGAGGAACACCAGTGGCGAAGGCGGCTTACTGGACAGTAACTGACGTTGAGGCTCGAAAGCGTGGGGAGCAAACAGG	26	81	185	49	153	54	0	219	0	63	914	196	93	204	0	85	71	20	83	24	93	76	81	30	95	43	76	605	0	151	63	59	0	0	43	87	
TACGTAGGGGGCAAGCGTTATCCGGATTTACTGGGTGTAAAGGGAGCGCAGGCGGCGTGGCAAGTCAGATGTGAAAACCCGGGGCCCAACCCCGGGAGTGCATTTGAAACTGCCATGCTGGAGTGCCGGAGAGGTAAGCGGAATTCCTAGTGTAGCGGTGAAATGCGTAGATATTAGGAGGAACACCAGTGGCGGAGGCGGCTTACTGGACGGTAACTGACGCTGAGGCTCGAAAGCGTGGGGAGCAAACAGG	0	0	464	104	0	0	0	0	192	803	1507	0	299	0	0	184	136	0	94	0	0	249	50	0	0	19	0	557	13	139	25	0	52	0	0	0	
TACGGAGGATGCGAGCGTTATCCGGATTTATTGGGTTTAAAGGGTGCGTAGGCGGATTTTTAAGTCAGCGGTAAAATGTCCGGGCTCAACCCGGGCCGGCCGTTGAAACTGGGGATCTTGAGTGGGCGAGAAGTATGCGGAATGCGTGGTGTAGCGGTGAAATGCATAGATATCACGCAGAACTCCGATTGCGAAGGCAGCATACCGGCGCCCGACTGACGCTGAGGCACGAAAGCGTGGGGATCGAACAGG	141	126	269	184	238	87	140	48	204	149	186	136	92	71	83	179	74	80	149	221	93	100	132	220	465	65	243	128	147	72	74	137	197	501	255	210	
TACGTAGGGGGCAAGCGTTATCCGGATTTACTGGGTGTAAAGGGAGCGTAGACGGCAATGCAAGTCTGGAGTGAAAGGCGGGGGCCCAACCCCCGGACTGCTCTGGAAACTGTATAGCTGGAGTGCAGGAGAGGTAAGTGGAATTCCTAGTGTAGCGGTGAAATGCGTAGATATTAGGAGGAACACCAGTGGCGAAGGCGGCTTACTGGACTGTAACTGACGTTGAGGCTCGAAAGCGTGGGGAGCAAACAGG	51	0	59	90	0	130	484	218	0	0	31	0	0	0	239	77	30	106	283	0	0	393	0	407	0	0	0	0	0	239	176	0	55	137	2153	0	
TACGTAGGGGGCAAGCGTTATCCGGATTTACTGGGTGTAAAGGGAGCGTAGACGGCAGCACAAGTCTGAAGTGAAATGCCGGGGCTTAACCCCGGAACTGCTTTGGAAACTGTGCAGCTAGAGTGCAGGAGAGGTAAGTGGAATTCCTAGTGTAGCGGTGAAATGCGTAGATATTAGGAGGAACACCAGTGGCGAAGGCGGCTTACTGGACTGTAACTGACGTTGAGGCTCGAAAGCGTGGGGAGCAAACAGG	0	4542	0	0	1789	0	0	0	0	0	0	0	0	334	0	0	0	0	364	0	0	0	0	0	0	0	0	0	0	0	0	0	0	0	0	626	
TACGTAGGGGGCAAGCGTTATCCGGATTTACTGGGTGTAAAGGGAGCGTAGACGGCGATGCAAGTCTGAAGTGAAAGGCGGGGGCCCAACCCCCGGACTGCTTTGGAAACTGTATGGCTGGAGTGCAGGAGAGGTAAGTGGAATTCCTAGTGTAGCGGTGAAATGCGTAGATATTAGGAGGAACACCAGTGGCGAAGGCGGCTTACTGGACTGTAACTGACGTTGAGGCTCGAAAGCGTGGGGAGCAAACAGG	0	820	196	96	26	0	0	126	45	0	151	146	0	414	0	0	0	0	807	0	152	59	47	76	137	0	60	340	41	0	0	288	0	138	250	82	
TACGTAGGGGGCAAGCGTTATCCGGATTTACTGGGTGTAAAGGGAGCGTAGACGGCAGCGCAAGTCTGGAGTGAAATCCCATGGCTTAACCATGGAACTGCTTTGGAAACTGTGCAGCTGGAGTGCAGGAGAGGTAAGCGGAATTCCTAGTGTAGCGGTGAAATGCGTAGATATTAGGAGGAACACCAGTGGCGAAGGCGGCTTACTGGACTGTAACTGACGTTGAGGCTCGAAAGCGTGGGGAGCAAACAGG	0	251	0	123	187	136	0	364	0	211	0	74	296	0	93	0	0	0	116	88	0	0	203	0	548	0	0	883	0	0	0	38	214	735	150	0	
TACGTAGGGGGCAAGCGTTATCCGGATTTACTGGGTGTAAAGGGAGCGTAGACGGCAGCGCAAGTCTGAAGTGAAATCCCATGGCTTAACCATGGAACTGCTTTGGAAACTGTGCAGCTGGAGTGCAGGAGAGGTAAGCGGAATTCCTAGTGTAGCGGTGAAATGCGTAGATATTAGGAGGAACACCAGTGGCGAAGGCGGCTTACTGGACTGTAACTGACGTTGAGGCTCGAAAGCGTGGGGAGCAAACAGG	85	78	0	0	0	0	450	108	350	0	0	0	67	0	0	0	55	126	485	0	0	241	0	315	155	149	0	204	20	1384	0	0	0	159	0	0	
TACGTAGGGGGCAAGCGTTATCCGGATTTACTGGGTGTAAAGGGAGCGTAGACGGCTGTGCAAGTCTGGAGTGAAAGGCATGGGCTCAACCTGTGGACTGCTTTGGAAACTGTGCGGCTTGAGTGTCGGAGAGGCAAGTGGAATTCCTAGTGTAGCGGTGAAATGCGTAGATATTAGGAGGAACACCAGTGGCGAAGGCGGCTTGCTGGACGATGACTGACGTTGAGGCTCGAAAGCGTGGGGAGCAAACAGG	14	302	347	345	245	102	0	172	0	0	38	61	118	115	0	86	261	26	70	0	102	72	56	0	153	0	42	58	0	0	113	0	33	56	100	65	
TACGGAGGATGCGAGCGTTATCCGGATTTATTGGGTTTAAAGGGTGCGTAGGCGGGATCTTAAGTCAGCGGTTAAATCGCGGGGCTCAACCTCGCTCTGCCGTTGAAACTGGGGTCCTTGAGTGGGCGAGAAGTACGCGGAATGCGTGGTGTAGCGGTGAAATGCATAGATATCACGCAGAACTCCGATTGCGAAGGCAGCGTACCGGCGCCCTACTGACGCTGAAGCACGAAAGCGTGGGTATCGAACAGG	56	0	285	100	0	206	62	0	214	124	0	117	103	0	122	0	0	0	0	88	117	131	52	72	0	137	0	0	100	123	333	78	172	0	0	0	
TACGGAGGATCCGAGCGTTATCCGGATTTATTGGGTTTAAAGGGAGCGTAGGTGGATTGTTAAGTCAGTTGTGAAAGTTTGCGGCTCAACCGTAAAATTGCAGTTGAAACTGGCAGTCTTGAGTACAGTAGAGGTGGGCGGAATTCGTGGTGTAGCGGTGAAATGCTTAGATATCACGAAGAACTCCGATTGCGAAGGCAGCTCACTAGACTGCAACTGACACTGATGCTCGAAAGTGTGGGTATCAAACAGG	312	40	327	104	54	135	119	139	80	374	574	436	183	265	28	73	91	342	108	0	311	71	66	48	105	115	98	90	230	107	113	129	148	665	200	99	
TACGTAGGGGGCAAGCGTTATCCGGATTTACTGGGTGTAAAGGGAGCGTAGACGGTTATGCAAGTCTGGAGTGAAAGGCGGGGGCTCAACCCCCGGACTGCTCTGGAAACTGTAGAACTAGAGTGCAGGAGGGGTAAGTGGAATTCCTAGTGTAGCGGTGAAATGCGTAGATATTAGGAGGAACACCAGTGGCGAAGGCGGCTTACTGGACTGTAACTGACGTTGAGGCTCGAAAGCGTGGGGAGCAAACAGG	0	0	0	0	0	0	1197	0	234	0	0	0	0	0	0	0	0	507	265	545	0	963	0	478	0	0	0	0	58	1100	0	0	0	0	0	0	
TACGGAGGATGCGAGCGTTATCCGGATTTATTGGGTTTAAAGGGTGCGTAGGCGGTATGGTAAGTCAGCGGTAAAAGCCCGGGGCTCAACCCCGGCGAGCCGTTGAAACTGCCGTGCTAGAGAGGAAGAGAAGTAGGCGGAATGCGCAGTGTAGCGGTGAAATGCTTAGATATTGCGCAGAACTCCGATTGCGAAGGCAGCCTACCGGCTTCTGTCTGACGCTGAGGCACGAAAGCGTGGGTATCGAACAGG	653	171	128	190	168	290	342	77	602	0	175	30	68	13	16	78	74	62	268	484	105	149	139	88	284	41	174	25	94	27	82	50	117	91	154	112	
TACGGAGGATGCGAGCGTTATCCGGATTTATTGGGTTTAAAGGGTGCGCAGGCGGCGTGTCAAGCAAGCGGTAAAATAGCGGGGCTCAACCCCGTCGAGCCGTTTGAACTGGCGCGCTTGAGTTCAGGCGAGGTAGGCGGAATTCGTGGTGTAGCGGTGAAATGCATAGATATCACGAAGAACTCCGATTGCGAAGGCAGCTTACCAGTCTGCGACTGACGCTCAGGCACGAAAGTGTGGGTATCGAACAGG	63	163	66	156	178	97	76	91	183	108	44	60	87	115	88	101	65	24	68	31	73	61	50	73	78	30	177	126	65	234	242	233	87	85	473	191	
TACGGAGGATGCGAGCGTTATCCGGATTTATTGGGTTTAAAGGGTGCGTAGGCGGAGCGTTAAGTCAGTGGTCAAATTGAGGGGCTCAACCCCTTCCCGCCATTGAAACTGGCGCTCTTGAGTGGAAGAGAAGTATGCGGAATGCGTGGTGTAGCGGTGAAATGCATAGATATCACGCAGAACCCCGATTGCGAAGGCAGCATGCCGGCTTCCTACTGACGCTGAAGCACGAAAGCGTGGGGATCGAACAGG	96	64	57	97	155	177	5	31	279	178	56	130	90	103	47	44	47	0	118	54	127	19	112	5	144	158	308	151	217	247	368	92	215	274	46	124	
TACGTAGGGGGCAAGCGTTATCCGGAATTACTGGGTGTAAAGGGAGCGTAGACGGTAATGCAAGTCTGGAGTGAAAGGCGGGGGCCCAACCCCCGGACTGCTCTGGAAACTGTGTAACTGGAGTGCAGGAGAGGCAGGCGGAATTCCTAGTGTAGCGGTGAAATGCGTAGATATTAGGAGGAACACCAGTGGCGAAGGCGGCCTGCTGGACTGTAACTGACGTTGAGGCTCGAAAGCGTGGGGAGCAAACAGG	99	0	0	0	0	0	914	0	0	0	0	31	0	0	0	0	0	67	30	0	0	0	0	0	80	0	0	0	0	414	0	177	79	322	654	0	
TACGGAGGATGCGAGCGTTATCCGGATTTATTGGGTTTAAAGGGTGCGTAGGCGGGATGCCAAGTCAGCGGTCAAATACGGGGGCTCAACCTGCGTCCGCCGTTGAAACTGGCGTTCTTGAGTGGGCGAGAAGTACGCGGAATGCGTGGTGTAGCGGTGAAATGCATAGATATCACGCAGAACCCCGATTGCGAAGGCAGCGTACCGGCGCCCGACTGACGCTGAAGCACGAAAGCGTGGGTATCGAACAGG	69	36	358	69	53	58	0	38	70	96	70	355	82	89	0	0	58	0	23	0	372	0	0	65	46	189	123	140	345	56	0	43	100	184	111	65	
TACGTAGGGGGCAAGCGTTATCCGGATTTACTGGGTGTAAAGGGAGCGTAGACGGCAGGGCAAGTCTGGAGTGAAAGCCCGGGGCCCAACCCCGGGACTGCTTTGGAAACTGCCATGCTGGAGTGCTGGAGAGGTAAGCGGAATTCCTAGTGTAGCGGTGAAATGCGTAGATATTAGGAGGAACACCAGTGGCGAAGGCGGCTTACTGGACAGTAACTGACGTTGAGGCTCGAAAGCGTGGGGAGCAAACAGG	73	57	298	198	46	29	0	221	35	89	457	163	237	63	0	66	79	0	138	0	166	31	38	0	0	0	0	133	37	288	0	0	53	48	123	0	
TACGTAGGGGGCAAGCGTTATCCGGAATTACTGGGTGTAAAGGGAGCGTAGACGGTTATGCAAGTCTGGAGTGAAAGGCATGGGCCCAACCCGTGGACTGCTCTGGAAACTGTGTAACTTGAGTGCAGGAGAGGTAAGCGGAATTCCTAGTGTAGCGGTGAAATGCGTAGATATTAGGAGGAACACCAGTGGCGAAGGCGGCTTACTGGACTGTAACTGACGTTGAGGCTCGAAAGCGTGGGGAGCAAACAGG	95	0	36	0	47	50	32	0	188	257	95	0	39	306	214	72	349	0	281	0	82	0	123	422	367	26	47	34	0	0	184	0	0	0	563	0	
TACGGAGGATTCAAGCGTTATCCGGATTTATTGGGTTTAAAGGGTGCGTAGGCGGTCGGATAAGTTAGAGGTGAAATCCCGAGGCTCAACTTCGGAATTGCCTCTGATACTGTTCGGCTAGAGAGTAGTTGCGGTAGGCGGAATGTATGGTGTAGCGGTGAAATGCTTAGAGATCATACAGAACACCGATTGCGAAGGCAGCTTACCAAGCTACTTCTGACGTTGAGGCACGAAAGCGTGGGGAGCAAACAGG	51	116	0	0	77	0	99	32	128	249	0	19	33	275	15	0	139	176	215	33	10	280	7	46	68	89	26	211	232	304	0	142	311	392	567	64	
TACGGAGGATGCGAGCGTTATCCGGATTTATTGGGTTTAAAGGGTGCGTAGGCGGGATGCCAAGTCAGCGGTAAAAATGCGGTGCTCAACGCCGTCGAGCCGTTGAAACTGGCGTTCTTGAGTGGGCGAGAAGTATGCGGAATGCGTGGTGTAGCGGTGAAATGCATAGATATCACGCAGAACTCCGATTGCGAAGGCAGCATACCGGCGCCCTACTGACGCTGAGGCACGAAAGCGTGGGTATCGAACAGG	207	101	516	238	67	127	25	33	76	112	46	78	84	115	40	56	0	15	43	62	139	30	65	38	64	0	330	89	83	0	170	61	121	305	158	607	
TACGTAGGGGGCAAGCGTTATCCGGATTTACTGGGTGTAAAGGGAGCGTAGACGGTTATGTAAGTCTGGAGTGAAAGCCCGGGGCCCAACCCCGGGACTGCTTTGGAAACTGTGTAACTGGAGTACAGGAGGGGCAGGCGGAATTCCTGGTGTAGCGGTGAAATGCGTAGATATCAGGAGGAACACCGGCGGCGAAGGCGGCCTGCTGGACTGAAACTGACGTTGAGGCTCGAAAGCGTGGGGAGCAAACAGG	0	246	138	84	315	107	0	317	0	76	73	35	36	19	0	54	0	38	95	19	160	72	83	0	152	0	87	100	35	0	131	0	24	71	0	361	
TACGGAGGATGCGAGCGTTATCCGGATTTATTGGGTTTAAAGGGTGCGTAGGCGGGATGCCAAGTCAGCGGTCAAATACGGGGGCTCAACCTGCGTCCGCCGTTGAAACTGGCGTTCTTGAGTGGGCGAGAAGTACGCGGAATGCGTGGTGTAGCGGTGAAATGCATAGATATCACGCAGAACCCCGATTGCGAAGGCAGCGTACCGGCGCCCAACTGACGCTGAAGCACGAAAGCGTGGGTATCGAACAGG	56	0	304	64	0	39	0	43	100	68	141	294	80	149	65	106	55	61	0	0	276	0	39	0	54	83	213	119	271	0	43	0	98	166	111	0	
TACGGAGGATGCGAGCGTTATCCGGATTTATTGGGTTTAAAGGGTGCGTAGGCGGAATGTCAAGTCAGCGGTAAAAATTCGGGGCTCAACCCCGTCGTGCCGTTGAAACTGATGTTCTTGAGTGGGCGAGAAGTATGCGGAATGCGTGGTGTAGCGGTGAAATGCATAGATATCACGCAGAACTCCGATTGCGAAGGCAGCATACCGGCGCCCAACTGACGCTGAAGCACGAAAGCGTGGGTATCGAACAGG	397	76	260	0	114	58	0	0	118	371	132	184	105	164	54	128	130	0	83	0	220	82	0	79	76	87	124	135	182	0	45	0	130	209	66	119	
TACGGAGGATGCGAGCGTTATCCGGATTTATTGGGTTTAAAGGGTGCGCAGGCGGAAGATCAAGTCAGCGGTAAAATTGAGAGGCTCAACCTCTTCGAGCCGTTGAAACTGGTTTTCTTGAGTGAGCGAGAAGTATGCGGAATGCGTGGTGTAGCGGTGAAATGCATAGATATCACGCAGAACTCCGATTGCGAAGGCAGCATACCGGCGCTCAACTGACGCTCATGCACGAAAGTGTGGGTATCGAACAGG	400	21	155	15	58	43	123	0	115	1134	60	93	15	505	135	31	349	443	298	20	30	451	35	30	21	31	267	27	97	61	0	15	159	37	106	46	
TACGTAGGGGGCAAGCGTTATCCGGATTTACTGGGTGTAAAGGGAGCGTAGACGGCTGTGCAAGCCAGATGTGAAAGCCCGGGGCTCAACCCCGGGACTGCATTTGGAACTGTGTGGCTGGAGTGTCGGAGAGGCAGGCGGAATTCCTAGTGTAGCGGTGAAATGCGTAGATATTAGGAGGAACACCAGTGGCGAAGGCGGCCTGCTGGACGATGACTGACGTTGAGGCTCGAAAGCGTGGGGAGCAAACAGG	169	0	52	0	43	58	35	25	0	55	24	203	182	186	0	0	0	0	0	0	90	0	53	98	29	86	78	125	70	222	0	89	114	0	648	0	
TACGGAGGATGCGAGCGTTATCCGGATTCATTGGGTTTAAAGGGTGCGCAGGCGGGCCTTTAAGCCGGCGGTGAAATCGCGGGGCTCAACCCCGCCGAGCCGTCGGAACTGGGGGCCTTGAGTGCGGCGGAGGCATGCGGAATGCGCGGTGTAGCGGTGAAATGCATAGATATCGCGCAGAACCCCGATTGCGAAGGCAGCGTGCCGTGCCGCCACTGACGCTGAGGCACGAAAGCGCGGGGATCGAACAGG	0	16	55	48	87	126	188	34	138	55	51	99	40	30	131	97	50	75	84	198	43	51	110	121	182	60	164	23	72	20	60	32	327	163	216	5	
TACGGGGGATGCGAGCGTTATCCGGATTTATTGGGTTTAAAGGGTGCGTAGGCGGCGCTTCAGGTCAGCGGTGAAATACCGGGGCTCAACCCCGGGGCTGCCGTTGAAACCGGAGCGCTAGAATTCCGATGCCGTCGGAGGAATGTGTGGTGTAGCGGTGAAATGCATAGATATCACACAGAACACCGATTGCGAAGGCATCTGACGAATCGGAGATTGACGCTGATGCACGAAAGCGTGGGTATCGAACAGG	612	82	117	186	275	328	103	81	201	57	304	42	51	181	32	261	122	69	114	231	129	49	168	350	163	86	243	27	150	184	282	109	100	373	213	209	
TACGTAGGGGGCAAGCGTTATCCGGATTTACTGGGTGTAAAGGGAGCGTAGACGGTAATGCAAGTCTGGAGTGAAATGCAGGGGCTCAACCCCTGAACTGCTTTGGAAACTGTATGACTGGAGTGCAGGAGAGGTAAGTGGAATTCCTAGTGTAGCGGTGAAATGCGTAGATATTAGGAGGAACACCAGTGGCGAAGGCGGCTTACTGGACTGTAACTGACGTTGAGGCTCGAAAGCGTGGGGAGCAAACAGG	0	0	0	0	0	0	144	68	0	0	0	0	0	185	32	0	229	0	144	816	0	0	0	117	0	0	0	0	0	272	0	0	0	469	696	0	
TACGGAGGATGCGAGCGTTATCCGGATTTATTGGGTTTAAAGGGTGCGCAGGCGGACTCTCAAGTCAGCGGTCAAATCGCGGGGCTCAACCCCGTTCCGCCGTTGAAACTGGGAGCCTTGAGTGCGCGAGAAGTAGGCGGAATGCGTGGTGTAGCGGTGAAATGCATAGATATCACGCAGAACTCCGATTGCGAAGGCAGCCTACCGGCGCGCAACTGACGCTCATGCACGAAAGCGTGGGTATCGAACAGG	226	0	149	35	0	42	110	0	0	31	39	0	0	0	15	23	66	41	114	188	39	203	16	106	20	169	0	47	0	0	16	0	0	0	0	0	
TACGTATGGGGCAAGCGTTATCCGGATTTACTGGGTGTAAAGGGAGCGTAGGCGGCAGGGCAAGCCTGATGTGAAAGCCCGGGGCTCAACCCCGGGACTGCATTGGGAACTGCCCCGCTCGAGTGCCGGAGGGGCAGGCGGAATTCCTAGTGTAGCGGTGAAATGCGTAGATATTAGGAGGAACACCAGTGGCGAAGGCGGCCTGCTGGACGGTGTACTGACGCTGAGGCTCGAAAGCGTGGGGAGCAAACAGG	32	97	61	55	63	19	28	235	50	187	142	21	86	73	19	22	155	67	193	0	0	154	27	78	43	32	0	161	47	170	111	0	31	82	135	62	
TACGTAGGTGGCGAGCGTTGTCCGGATTTACTGGGCGTAAAGGGAGCGTAGGCGGACTTTTAAGTGAGATGTGAAATACTCGGGCTCAACTTGAGTGCTGCATTTCAAACTGGAAGTCTAGAGTGCAGGAGAGGAGAATGGAATTCCTAGTGTAGCGGTGAAATGCGTAGAGATTAGGAAGAACACCAGTGGCGAAGGCGATTCTCTGGACTGTAACTGACGCTGAGGCTCGAAAGCGTGGGGAGCAAACAGG	56	0	86	142	0	0	302	0	348	0	46	402	293	560	10	505	513	314	82	0	0	155	0	210	0	0	0	0	20	0	15	0	471	743	68	0	
TACGTAGGGGGCAAGCGTTATCCGGATTTACTGGGTGTAAAGGGGGCGCAGACGGCCATGGCAAGCCCGGTGTGAAAGGCAGGGGCATAACCCCTGGACTGCACTGGGAACTGTCAGGCTGGAGTGCCGGAGGGGTAAGCGGAATTCCTGGTGTAGCGGTGAAATGCGTAGATATCAGGAGGAACACCGGCGGCGAAGGCGGCTTACTGGACGGCAACTGACGTTGAGGCCCGAAAGCGTGGGGAGCGAACAGG	76	74	23	42	169	16	35	85	54	73	83	49	159	0	0	10	63	24	62	0	25	142	31	24	34	0	0	236	0	119	33	3	50	58	160	91	
TACGGAGGATGCGAGCGTTATCCGGATTTATTGGGTTTAAAGGGTGCGTAGGCGGTCCGGAAAGTCAGCGGTAAAAGCCCGGGGCTCAACCCCGGCGAGCCGTTGAAACTGTCGGACTAGAGACGGCGAGAAGTACGCGGAATGCGCGGTGTAGCGGTGAAATGCATAGATATCGCGCAGAACTCCGATTGCGAAGGCAGCGTACCGGCGCCGGACTGACGCTGAGGCACGAAAGCGTGGGTATCGAACAGG	172	57	86	105	106	121	56	68	128	97	80	76	52	71	65	116	57	21	57	69	64	51	69	41	135	47	227	36	99	85	172	53	129	194	218	129	
TACGGAGGATCCGAGCGTTATCCGGATTCATTGGGTTTAAAGGGTGCGTAGGTTGTTTTATAAGTTAGCGGTGAAATACCGATGCTCAACATCGGGGCTGCCGCTGATACTGTAGGACTAGAGATCGGATGCAGCAGGCGGAATGTGTAGTGTAGCGGTGAAATGCATAGATATTACACAGAACACCGATTGCGAAGGCAGCTTGCTAGGCCGGATCTGACACTGATGCACGAAAGCGTGGGGATCGAACAGG	110	102	33	24	125	73	159	104	129	78	62	34	128	85	52	64	34	58	163	27	15	126	22	82	64	20	127	53	90	362	80	37	65	179	624	106	
TACGTAGGGGGCAAGCGTTATCCGGATTTACTGGGTGTAAAGGGAGCGTAGACGGCGTGCCAAGTCTGGTGTGAAAGGCCGGGGCTCAACCCCGGGACTGCATTGGAAACTGGCATGCTGGAGTGCCGGAGGGGCAAGCGGAATTCCTAGTGTAGCGGTGAAATGCGTAGATATTAGGAGGAACACCGGTGGCGAAGGCGGCTTGCTGGACGGTAACTGACGTTGAGGCTCGAAAGCGTGGGGAGCAAACAGG	0	194	202	235	51	0	11	0	0	11	198	0	52	87	0	0	0	0	23	29	81	0	58	0	37	133	263	0	0	0	36	311	0	15	22	254	
TACGTAGGGTGCGAGCGTTAATCGGAATTACTGGGCGTAAAGGGTGTGCAGGCGGCTGAGTAAGACAGATGTGAAATCCCCGGGCTTAACCTGGGAACCGCATATGTGACTGCTTGGCTAGAGTGCGTCAGAGGGAGGTGGAATTCCACGTGTAGCAGTGAAATGCGTAGATATGTGGAAGAACACCGATGGCGAAGGCAGCCTCCTGGGACGCAACTGACGCTCATACACGAAAGCGTGGGGAGCAAACAGG	171	15	73	83	35	10	0	22	70	92	198	66	70	108	29	90	168	53	43	13	62	57	22	9	31	69	36	175	166	32	13	6	58	202	21	68	
TACGGAGGATGCGAGCGTTATCCGGATTTATTGGGTTTAAAGGGTGCGTAGGCGGAGTGTCAAGTCAGCGGTAAAATTTCGGGGCTCAACCCCGTCGTGCCGTTGAAACTGACGCCCTTGAGTGAGTGAGAAGTAAGCGGAATGCGTGGTGTAGCGGTGAAATGCATAGATATCACGCAGAACGCCGATTGCGAAGGCAGCTTACCGGCGCTCAACTGACGCTGAGGCACGAAAGTGCGGGTATCGAACAGG	57	0	92	273	218	77	0	0	493	0	0	0	14	0	58	284	0	0	0	0	0	0	67	46	590	0	401	54	153	164	66	97	112	0	102	229	
TACGGAGGATGCGAGCGTTATCCGGATTTATTGGGTTTAAAGGGTGCGTAGGCGGAGTGTCAAGTCAGCGGTAAAATTTCGGGGCTCAACCCCGTCGTGCCGTTGAAACTGACACCCTTGAGTGAGTGAGAAGTAAGCGGAATGCGTGGTGTAGCGGTGAAATGCATAGATATCACGCAGAACGCCGATTGCGAAGGCAGCTTACCGGCGCTCAACTGACGCTGAGGCACGAAAGTGCGGGTATCGAACAGG	53	68	74	233	202	63	0	70	488	0	108	41	0	16	0	230	32	18	65	55	58	0	0	0	523	0	329	44	132	169	0	89	120	47	120	266	
TACGTAGGGGGCAAGCGTTATCCGGATTTACTGGGTGTAAAGGGAGCGTAGACGGATAAGCAAGTCTGATGTGAAAATCCGGGGCCCAACCCCGGAATTGCATTGGAAACTGCATATCTAGAGTGTCGGAGAGGCAAGTGGAATTCCTGGTGTAGCGGTGAAATGCGTAGATATCAGGAGGAACACCAGTGGCGAAGGCGGCTTGCTGGACGATGACTGACGTTGAGGCTCGAAAGCGTGGGGAGCAAACAGG	44	89	63	91	140	150	0	0	0	25	187	53	91	55	0	42	58	0	62	0	62	0	30	60	80	44	42	145	0	340	139	0	0	116	0	19	
TACGTAGGTGGCGAGCGTTATCCGGAATGATTGGGCGTAAAGGGTGCGCAGGCGGTCCTGCAAGTCTGGAGTGAAACGTATGAGCTCAACTCATGCATGGCTCTGGAAACTGGAGGACTGGAGAGCAGGAGAGGGCGGTGGAACTCCATGTGTAGCGGTAAAATGCGTAGATATATGGAAGAACACCAGTGGCGAAGGCGGCCGCCTGGCCTGTTGCTGACGCTGAGGCACGAAAGCGTGGGGAGCAAATAGG	0	0	289	88	0	0	0	84	0	0	0	0	0	0	0	0	0	1013	24	13	0	166	0	0	0	0	0	0	130	0	0	0	316	0	33	0	
TACGTAGGGGGCGAGCGTTATCCGGATTCATTGGGCGTAAAGCGCGCGTAGGCGGCCAGTTAGGTCGGGAGTCAAATTTCGGGGCTCAACCCCGTCTCGCTCCCGATACCGGCTGGCTTGAGTGTGGTAGGGGAAGGCGGAATTCCCGGTGTAGCGGTGGAATGCGCAGATATCGGGAAGAACACCGGTGGCGAAGGCGGCCTTCTGGGCCATCACTGACGCTGAGGCGCGAAAGCTAGGGGAGCAAACAGG	0	0	82	89	0	0	0	0	108	211	0	0	86	0	339	0	0	0	0	0	467	0	0	0	0	20	0	0	37	0	0	0	233	0	20	0	
TACGTAGGGGGCAAGCGTTATCCGGATTTACTGGGTGTAAAGGGAGCGTAGACGGAATTGCAAGTCTGATGTGAAAATCCGGGGCCCAACCCCGGAACTGCATTGGAAACTGTATTTCTAGAGTGTCGGAGAGGCAAGTGGAATTCCTGGTGTAGCGGTGAAATGCGTAGATATCAGGAGGAACACCAGTGGCGAAGGCGGCTTGCTGGACGATGACTGACGTTGAGGCTCGAAAGCGTGGGGAGCAAACAGG	0	0	0	0	0	0	0	525	299	0	0	51	85	0	0	0	0	0	35	0	0	12	0	218	0	0	0	0	17	0	0	0	269	0	530	0	
TACGTAGGGGGCAAGCGTTATCCGGATTTACTGGGTGTAAAGGGAGCGTAGACGGTACGCCAAGTCTGAAGTGAAATGCCGCAGCTTAACTGCGGAACTGCTTTGGAAACTGGCGGGCTAGAGTGCGGGAGGGGTAAGCGGAATTCCTAGTGTAGCGGTGAAATGCGTAGATATTAGGAGGAACACCGGTGGCGAAGGCGGCTTACTGGACCGTAACTGACGTTGAGGCTCGAAAGCGTGGGGAGCAAACAGG	58	100	0	0	66	9	0	265	0	0	0	76	136	22	0	0	0	0	28	0	0	21	57	36	0	60	0	0	0	0	48	24	40	152	126	51	
TACGTAGGTCCCGAGCGTTATCCGGATTTATTGGGCGTAAAGCGAGCGCAGGCGGTTGGATAAGTCTGAAGTTAAAGGCTGTGGCTTAACCATAGTATGCTTTGGAAACTGTTCAACTTGAGTGCAGAAGGGGAGAGTGGAATTCCATGTGTAGCGGTGGAATGCGTAGATATATGGAGGAACACCGGTGGCGAAAGCGGCTCTCTGGTCTGTAACTGACGCTGAGGCTCGAAAGCGTGGGTAGCGAACAGG	19	0	0	0	8	0	0	0	13	14	21	0	10	11	0	0	0	0	0	0	0	0	0	0	0	0	9	0	0	0	16	0	0	31	0	16	
TACGGAGGATGCGAGCGTTATCCGGATTTATTGGGTTTAAAGGGTGCGTAGGCGGGCTGTTAAGTCAGCGGTCAAATGTCGGGGCTCAACCCCGGCCTGCCGTTGAAACTGGCGGCCTCGAGTGGGCGAGAAGTATGCGGAATGCGTGGTGTAGCGGTGAAATGCATAGATATCACGCAGAACTCCGATTGCGAAGGCAGCATACCGGCGCCCTACTGACGCTGAGGCACGAAAGCGTGGGTATCGAACAGG	47	27	129	69	38	87	44	19	68	109	22	141	49	83	29	65	24	47	47	21	47	32	89	23	35	34	85	67	57	25	143	59	74	66	159	106	
TACGTAGGGGGCAAGCGTTATCCGGATTTACTGGGTGTAAAGGGAGCGTAGACGGTTACGCAAGTCTGGAGTGAAAGGCGGGGGCCCAACCCCCGGACTGCTTTGGAAACTGTATAACTGGAGTGCAGGAGAGGTAAGTGGAATTCCTAGTGTAGCGGTGAAATGCGTAGATATTAGGAGGAACACCAGTGGCGAAGGCGGCTTACTGGACTGTAACTGACGTTGAGGCTCGAAAGCGTGGGGAGCAAACAGG	0	67	0	307	340	0	0	0	0	0	0	31	0	0	0	58	0	0	0	0	0	0	0	0	0	66	17	0	123	0	0	0	0	0	0	124	
TACGTAGGGGGCAAGCGTTATCCGGATTTACTGGGTGTAAAGGGAGCGTAGACGGCTGAGCAAGTCTGAAGTGAAAGGCGGGGGCCCAACCCCCGGACTGCTTTGGAAACTGTATAGCTAGAGTGCAGGAGAGGTAAGTGGAATTCCTAGTGTAGCGGTGAAATGCGTAGATATTAGGAGGAACACCAGTGGCGAAGGCGGCTTACTGGACTGTAACTGACGTTGAGGCTCGAAAGCGTGGGGAGCAAACAGG	0	0	54	0	0	0	0	120	0	723	0	0	771	0	0	0	104	0	0	28	0	0	0	0	0	192	0	0	0	444	0	0	0	0	0	0	
TACGTAGGGGGCAAGCGTTATCCGGATTTACTGGGTGTAAAGGGAGCGTAGACGGCGGTGCAAGCCAGATGTGAAAGCCCGGGGCTCAACCCCGGGACTGCATTTGGAACTGTGCTGCTAGAGTGTCGGAGAGGCAGGCGGAATTCCTAGTGTAGCGGTGAAATGCGTAGATATTAGGAGGAACACCAGTGGCGAAGGCGGCCTGCTGGACGATGACTGACGTTGAGGCTCGAAAGCGTGGGGAGCAAACAGG	0	0	68	0	27	0	0	0	0	127	38	58	282	0	0	0	0	0	20	0	34	0	15	195	20	26	0	198	46	247	224	95	0	22	85	0	
TACGTAGGGGGCAAGCGTTATCCGGATTTACTGGGTGTAAAGGGAGCGTAGACGGCAATGCAAGCCAGATGTGAAAGCCCGGGGCTCAACCCCGGGACTGCATTTGGAACTGTGTAGCTGGAGTGTCGGAGAGGCAGGCGGAATTCCTAGTGTAGCGGTGAAATGCGTAGATATTAGGAGGAACACCAGTGGCGAAGGCGGCCTGCTGGACGATGACTGACGTTGAGGCTCGAAAGCGTGGGGAGCAAACAGG	213	28	0	0	0	67	0	200	0	0	0	0	0	0	0	0	0	0	400	0	0	0	0	105	0	0	0	0	0	0	0	0	55	71	52	0	
TACGGAGGATGCGAGCGTTATCCGGATTTATTGGGTTTAAAGGGTGCGTAGGCGGACTGGAAAGTCAGCGGTAAAATCGAGAGGCTCAACCTCTTTCCGCCGTTGAAACTGTCGGTCTTGAGTGGGCGAGAAGTATGCGGAATGCGTGGTGTAGCGGTGAAATGCATAGATATCACGCAGAACTCCGATTGCGAAGGCAGCATACCGGCGCCCGACTGACGCTGAGGCACGAAAGCGTGGGTATCGAACAGG	173	47	92	101	25	56	62	58	0	99	113	64	22	75	34	83	0	58	57	0	87	36	0	58	69	75	152	40	100	164	80	69	51	106	237	106	
TACGTAGGGGGCGAGCGTTATCCGGATTTACTGGGTGTAAAGGGAGCGTAGACGGCCATGCAAGCTCGGTGTGAAAGGTGCGGGCACAACCCGCAGACTGCACTGAGAACTGTATGGCTGGAGTGCCGGAGGGGCAGGCGGAATTCCTGGTGTAGCGGTGAAATGCGTAGATATCAGGAGGAACACCGGTGGCGAAGGCGGCCTGCTGGACGGCGACTGACGTTGAGGCTCGAAAGCGTGGGGAGCGAACAGG	0	130	0	14	13	0	15	12	0	16	0	30	18	22	12	0	24	0	99	16	0	0	0	24	20	25	22	97	26	328	0	0	43	68	49	41	
TACGGAGGATGCGAGCGTTATCCGGATTTATTGGGTTTAAAGGGTGCGTAGGCGGTATTTTAAGTTAGTGGTAAAACGTCGGGGCTTCACCTTGATTGGCCATTAAAACTGGAGTACTAGAGTACAGACGAGGTAGGCGGAATAAGTTAAGTAGCGGTGAAATGCTTAGATATAACTTAGAACCCCGATAGCGAAGGCAGCTTACCAGACTGTTACTGACGCTGAAGCACGAGAGCGTGGGTAGCGAACAGG	64	66	43	41	61	94	46	57	107	78	60	21	41	49	24	140	65	11	60	31	110	46	21	45	40	49	130	25	50	79	146	42	52	146	210	109	
TACGTAGGGGGCAAGCGTTATCCGGAATTACTGGGTGTAAAGGGAGAGTAGGCGGCAAGGTAAGCGATATGTGAAAGCCTTAGGCTTAACCTGAGGATTGCATAACGAACTATCTAGCTAGAGTACAGGAGAGGAAAGCGGAATTCCTAGTGTAGCGGTGAAATGCGTAGATATTAGGAAGAACACCAGTGGCGAAGGCGGCTTTCTGGACTGAAACTGACGCTGAGGCTCGAAAGCGTGGGGAGCGAACAGG	0	0	0	0	116	0	0	91	0	181	242	35	39	0	7	5	37	0	21	0	0	46	26	20	62	13	9	0	0	0	14	0	0	44	0	111	
TACATAGGGAGCAAGCGTTATCCGGATTTATTGGGTGTAAAGGGTGCGTAGACGGGAAATTAAGTTAGTTGTGAAATCCCTCGGCTTAACTGAGGAACTGCAACTAAAACTGATTTTCTTGAGTACTGGAGAGGAAAGTGGAATTCCTAGTGTAGCGGTGAAATGCGTAGATATTAGGAGGAACACCAGTGGCGAAGGCGACTTTCTGGACAGTAACTGACGTTGAGGCACGAAAGTGTGGGGAGCAAACAGG	366	0	75	188	0	94	25	17	164	60	94	65	54	80	0	267	114	0	73	43	0	0	127	92	31	132	0	0	60	528	271	0	44	115	50	0	
TACGTAGGGGGCAAGCGTTATCCGGATTTACTGGGTGTAAAGGGAGCGTAGACGGCGGTGCAAGCCAGATGTGAAAGCCCGGGGCTCAACCCCGGGACTGCATTTGGAACTGTATGGCTGGAGTGTCGGAGAGGCAGGCGGAATTCCTAGTGTAGCGGTGAAATGCGTAGATATTAGGAGGAACACCAGTGGCGAAGGCGGCCTGCTGGACGATGACTGACGTTGAGGCTCGAAAGCGTGGGGAGCAAACAGG	0	215	0	31	0	77	0	0	313	0	0	0	0	0	0	0	0	0	26	0	0	0	0	0	0	0	82	223	94	0	231	0	0	0	0	0	
TACGGAGGATGCGAGCGTTATCCGGATTTATTGGGTTTAAAGGGTGCGCAGGCGGAGGCACAAGTCAGCGGTAAAATCGCGGGGCTCAACCCCGCTCCGCCGTTGAAACTGTGTCCCTTGAGTGCGCGAAGGGTAGGCGGAATGCGTGGTGTAGCGGTGAAATGCATAGATATCACGCAGAACTCCGATCGCGAAGGCAGCCTACCGGCGCGCGACTGACGCTCATGCACGAAAGCGTGGGTATCGAACAGG	0	55	66	0	74	0	0	69	66	79	0	137	71	108	21	0	67	71	56	86	67	54	0	0	82	0	108	58	59	84	0	0	148	272	144	77	
TACGTAGGGGGCAAGCGTTATCCGGATTTACTGGGTGTAAAGGGAGCGCAGGCGGTATGGCAAGTCAGATGTGAAAACCCAGGGCTCAACCCTGGGACTGCATTTGAAACTGCCATACTGGAGTGCCGGAGAGGTAAGTGGAATTCCTAGTGTAGCGGTGAAATGCGTAGATATTAGGAGGAACACCAGTGGCGAAGGCGGCTTACTGGACGGTAACTGACGCTGAGGCTCGAAAGCGTGGGGAGCAAACAGG	0	0	224	38	0	0	0	0	78	329	0	0	126	0	0	0	42	0	0	0	0	0	0	0	0	0	0	223	0	48	0	0	22	0	0	0	
TACGGAGGATGCGAGCGTTATCCGGATTTATTGGGTTTAAAGGGTGCGTAGGCGGTCCGTTAAGTCAGCGGTAAAATTGCGGGGCTCAACCCCGTCGAGCCGTTGAAACTGGCAGACTTGAGTTGGCGAGAAGTACGCGGAATGCGCGGTGTAGCGGTGAAATGCATAGATATCGCGCAGAACTCCGATTGCGAAGGCAGCGTACCGGCGCCACACTGACGCTGAGGCACGAAAGCGTGGGGATCGAACAGG	0	44	264	251	0	0	0	0	0	0	0	216	91	0	0	0	0	0	0	0	0	0	0	0	0	0	0	0	0	0	0	0	0	380	99	197	
TACGTAGGGGGCAAGCGTTATCCGGAATTACTGGGTGTAAAGGGAGCGTAGACGGTTAAGTAAGTCTGGAGTGAAAGGCCGGGGCCCAACCCCGGGACTGCTCTGGAAACTATTGAACTTGAGTGCAGGAGAGGTAAGCGGAATTCCTAGTGTAGCGGTGAAATGCGTAGATATTAGGAGGAACACCAGTGGCGAAGGCGGCTTACTGGACTGTAACTGACGTTGAGGCTCGAAAGCGTGGGGAGCAAACAGG	0	851	0	0	658	0	157	0	0	0	0	0	0	0	0	0	0	187	155	0	0	582	0	0	0	0	0	0	0	0	0	0	0	0	0	0	
TACGGGGGATGCAAGCGTTATCCGGATTTATTGGGTTTAAAGGGTGCGTAGGCTGTGAGGTAAGTCAGCGGTGAAATGCCCCCGCTCAACGGGGTGAAGTGCCATTGATACTGCCTTGCTGGAATGCGGATGCCGTGGGAGGAATGTGTGGTGTAGCGGTGAAATGCATAGATATCACACAGAACACCGATTGCGAAGGCATCTCACGAATCCGCTATTGACGCTGATGCACGAAAGCGTGGGTATCAAACAGG	144	80	131	64	0	186	114	201	102	0	191	0	0	0	0	267	0	0	0	132	69	45	0	123	0	110	0	0	0	136	324	0	0	0	0	281	
TACGTAGGGGGCAAGCGTTATCCGGATTTACTGGGTGTAAAGGGAGCGTAGACGGCTGTGCAAGTCTGAAGTGAAATGCCGGGGCTCAACCCCGGAACTGCTTTGGAAACTGTACAGCTAGAGTGCAGGAGGGGTGAGCGGAATTCCTAGTGTAGCGGTGAAATGCGTAGATATTAGGAGGAACACCGGTGGCGAAGGCGGCTCACTGGACTGTAACTGACGTTGAGGCTCGAAAGCGTGGGGAGCAAACAGG	0	0	0	0	0	0	0	0	0	234	0	11	0	79	62	14	145	0	187	0	0	249	0	0	0	0	0	28	0	0	110	0	0	0	26	0	
TACGTAGGGGGCGAGCGTTATCCGGATTTACTGGGTGTAAAGGGAGCGTAGACGGCGTCGCAAGTCTGAAGTGAAAGCCCGTGGCTCAACCGCGGAACCGCTTTGGAAACTGCGAGGCTGGAGTGCTGGAGAGGTAAGCGGAATTCCTGGTGTAGCGGTGAAATGCGTAGATATCAGGAGGAACACCGGTGGCGAAGGCGGCTTACTGGACAGTGACTGACGTTGAGGCTCGAAAGCGTGGGGAGCGAACAGG	0	132	67	45	84	12	0	28	0	0	42	0	58	48	0	11	37	0	48	0	41	24	13	0	14	14	36	46	0	30	47	0	0	0	44	40	
TACGGAGGATCCGAGCGTTATCCGGATTTATTGGGTTTAAAGGGTGCGTAGGCGGCCTTTTAAGTCAGCGGTGAAAGTCTGTGGCTCAACCATAGAATTGCCGTTGAAACTGGGAGGCTTGAGTATGTTTGAGGCAGGCGGAATGCGTGGTGTAGCGGTGAAATGCTTAGATATCACGCAGAACCCCGATTGCGAAGGCAGCCTGCCAAGCCATGACTGACGCTGATGCACGAAAGCGTGGGGATCAAACAGG	229	0	125	0	113	78	0	93	92	63	237	53	0	0	37	82	125	0	79	73	0	58	75	57	48	0	98	30	119	0	0	0	0	214	0	109	
TACGTAGGGGGCAAGCGTTATCCGGAATTACTGGGTGTAAAGGGAGCGTAGACGGTAAGGTAAGTCTGGAGTGAAAGGCGGGGGCCCAACCCCCGGACTGCTCTGGAAACTATCATACTAGAGTGCAGGAGAGGTGAGCGGAATTCCTAGTGTAGCGGTGAAATGCGTAGATATTAGGAGGAACACCAGTGGCGAAGGCGGCTCACTGGACTGTAACTGACGTTGAGGCTCGAAAGCGTGGGGAGCAAACAGG	87	0	0	0	0	145	0	647	0	0	0	0	0	0	0	0	0	0	0	0	0	0	0	0	0	0	0	0	0	0	28	0	83	0	0	0	
TACGTAGGGGGCAAGCGTTATCCGGATTTACTGGGTGTAAAGGGAGCGTAGACGGTATGGCAAGTCTGAAGTGAAAGCCCAGGGCTTAACCCTGGGACTGCTTTGGAAACTGTTAGACTAGAGTGCTGGAGAGGTAAGTGGAATTCCTAGTGTAGCGGTGAAATGCGTAGATATTAGGAGGAACACCAGTGGCGAAGGCGGCTTACTGGACAGTAACTGACGTTGAGGCTCGAAAGCGTGGGGAGCAAACAGG	0	28	141	0	85	0	0	19	44	80	330	104	125	34	0	26	12	29	24	0	0	47	44	42	18	15	0	162	27	61	0	0	20	18	155	0	
TACGGAGGATCCGAGCGTTATCCGGATTTATTGGGTTTAAAGGGTGCGTAGGCGGCCTTTTAAGTCAGCGGTGAAAGTCTGTGGCTCAACCATAGAATTGCCGTTGAAACTGGGGGGCTTGAGTATGTTTGAGGCAGGCGGAATGCGTGGTGTAGCGGTGAAATGCTTAGATATCACGCAGAACCCCGATTGCGAAGGCAGCCTGCCAAGCCATGACTGACGCTGATGCACGAAAGCGTGGGGATCAAACAGG	292	0	137	77	108	95	42	91	0	0	228	0	0	73	0	108	139	0	0	74	0	0	56	65	45	60	103	0	103	0	107	56	0	296	0	98	
TACGTAGGTGGCAAGCGTTGTCCGGATTTACTGGGTGTAAAGGGCGTGTAGCCGGGCTGACAAGTCAGATGTGAAATCCGGGGGCTCAACCCCCGAACTGCATTTGAAACTGTTGGTCTTGAGTATCGGAGAGGCAGGCGGAATTCCTAGTGTAGCGGTGAAATGCGTAGATATTAGGAGGAACACCAGTGGCGAAGGCGGCCTGCTGGACGACAACTGACGGTGAGGCGCGAAAGCGTGGGGAGCAAACAGG	29	156	31	31	104	35	40	70	0	33	12	0	0	23	17	22	23	0	93	16	33	125	51	19	108	0	44	38	0	41	83	34	55	35	50	113	
TACGTAGGTGGCAAGCGTTGTCCGGAATTACTGGGTGTAAAGGGAGCGCAGGCGGGAAGCCAAGTCAGCTGTGAAAACTACGGGCTTAACTTGTAGACTGCAGTTGAAACTGGTTTTCTTGAGTGAAGTAGAGGTTGGCGGAATTCCGAGTGTAGCGGTGAAATGCGTAGATATTCGGAGGAACACCGGTGGCGAAGGCGGCCAACTGGGCTTTAACTGACGCTGAGGCTCGAAAGTGTGGGGAGCAAACAGG	100	0	95	98	0	204	0	8	0	53	109	0	6	58	0	0	0	0	59	0	14	0	0	0	0	0	0	40	0	70	185	13	144	66	49	0	
TACGTAGGGGGCAAGCGTTATCCGGATTTACTGGGTGTAAAGGGAGCGTAGACGGCAGAGCAAGTCAGAAGTGAAAGCCCGCGGCTCAACTGCGGGACTGCTTTTGAAACTGCCCTGCTGGAGTGCAGGAGAGGTAAGCGGAATTCCTGGTGTAGCGGTGAAATGCGTAGATATCAGGAGGAACACCAGTGGCGAAGGCGGCTTACTGGACTGTAACTGACGTTGAGGCTCGAAAGCGTGGGGAGCAAACAGG	0	0	0	0	0	24	57	0	0	250	0	0	0	110	53	0	427	67	309	0	0	311	0	36	0	0	0	0	0	0	0	0	0	0	0	0	
TACGTAGGTGGCAAGCGTTATCCGGATTTACTGGGTGTAAAGGGCGTGTAGGCGGGAAAGCAAGTCAGATGTGAAAACCATGGGCTCAACCTGTGGCCTGCATTTGAAACTGTTTTTCTTGAGTACTGGAGAGGCAGACGGAATTCCTAGTGTAGCGGTGAAATGCGTAGATATTAGGAGGAACACCAGTGGCGAAGGCGGTCTGCTGGACAGCAACTGACGCTGAGGCGCGAAAGCGTGGGGAGCAAACAGG	40	154	52	0	64	0	29	0	0	56	49	27	0	29	0	32	19	25	113	0	32	59	0	73	74	0	0	0	0	84	0	0	42	36	70	72	
TACGGAGGATGCGAGCGTTATCCGGATTTATTGGGTTTAAAGGGTGCGTAGGCGGGTTGTTAAGTCAGCGGTAAAATTGCGGTGCTCAACGCCGTAGAGCCGTTGAAACTGGCGGCCTTGAGTGGGCGAGAAGTATGCGGAATGCGTGGTGTAGCGGTGAAATGCATAGATATCACGCAGAACCCCGATTGCGAAGGCAGCATACCGGCGCCCTACTGACGCTGAGGCACGAAAGTGCGGGTATCGAACAGG	15	26	38	77	54	72	81	25	132	27	35	22	17	0	55	50	24	24	45	50	16	30	71	85	117	20	88	32	23	61	44	28	63	49	141	30	
TACGTAGGGGGCAAGCGTTATCCGGATTCACTGGGTGTAAAGGGAGCGTAGACGGCGAGACAAGTCTGGAGTGAAAGGCCGGGGCCCAACCCCGGGACTGCTCTGGAAACTGCCTGGCTGGAGTACAGGAGAGGTAAGTGGAATTCCTAGTGTAGCGGTGAAATGCGTAGATATTAGGAGGAACACCAGTGGCGAAGGCGGCTTACTGGACTGTAACTGACGTTGAGGCTCGAAAGCGTGGGGAGCAAACAGG	42	189	0	24	41	44	0	0	0	0	153	0	39	0	0	0	0	0	37	0	0	0	20	0	24	0	0	0	0	0	150	0	0	0	0	52	
TACGTAGGGGGCGAGCGTTATCCGGATTTACTGGGTGTAAAGGGGGCGCAGACGGCCATGGCAAGCCCGGTGTGAAAGGTGCGGGCACAACCCGCAGACTGCACTGGTAACTGCCTGGCTGGAGTGCCGGAGGGGTAAGCGGAATTCCTGGTGTAGCGGTGAAATGCGTAGATATCAGGAGGAACACCGGTGGCGAAGGCGGCTTACTGGACGGCAACTGACGTTGAGGCCCGAAAGCGTGGGGAGCGAACAGG	0	0	0	0	0	0	0	27	0	0	0	46	69	23	0	0	29	17	88	0	0	89	0	0	0	0	0	51	0	103	0	0	16	28	28	0	
TACGTAGGGGGCAAGCGTTATCCGGATTTACTGGGTGTAAAGGGAGCGTAGACGGTATGGCAAGTCTGATGTGAAAACCCGGGGCTCAACCCCGGGACTGCATTGGAAACTGTCGGACTAGAGTGTCGGAGAGGCAAGTGGAATTCCTAGTGTAGCGGTGAAATGCGTAGATATTAGGAGGAACACCAGTGGCGAAGGCGGCTTGCTGGACGATGACTGACGTTGAGGCTCGAAAGCGTGGGGAGCAAACAGG	96	14	0	0	12	65	0	49	16	0	0	0	0	0	0	0	0	0	0	0	0	0	0	0	14	0	0	74	20	43	74	26	48	97	265	0	
TACGGAGGATGCGAGCGTTATCCGGATTTATTGGGTTTAAAGGGTGCGTAGGCGGACGGTCAAGTCAGCGGTAAAAATGCGGTGCTCAACGCCGTACAGCCGTTGAAACTGGCAGTCTTGAGTGGGCGAGAAGTATGCGGAATGCGTGGTGTAGCGGTGAAATGCATAGATATCACGCAGAACTCCGATTGCGAAGGCAGCATACCGGCGCCCTACTGACGCTGAGGCACGAAAGCGTGGGTATCGAACAGG	47	46	35	51	39	46	20	0	200	45	46	23	17	21	63	69	48	0	55	75	0	29	42	74	93	51	52	20	63	69	29	35	42	63	103	58	
TACGGAGGATCCGAGCGTTATCCGGATTTATTGGGTTTAAAGGGTGCGTAGGCGGTTTGATAAGTTAGAGGTGAAATGTCGGGGCTCAACCCCGAAACTGCCTCTAATACTGTTGGACTAGAGAATAGTTGCGGTAGGCGGAATGTATGGTGTAGCGGTGAAATGCTTAGAGATCATACAGAACACCGATTGCGAAGGCAGCTTACCAAACTATATCTGACGTTGAGGCACGAAAGCGTGGGTAGCAAACAGG	85	42	67	44	47	17	17	35	51	37	0	14	28	89	13	43	0	0	33	18	42	0	11	16	51	14	118	14	68	209	46	53	47	174	195	138	
TACGTAGGGGGCAAGCGTTATCCGGATTTACTGGGTGTAAAGGGAGCGTAGGCGGTTCAGCAAGTCAGAAGTGAAAGCCCGGGGCTCAACTCCGGGACTGCTTTTGAAACTGTTGAACTAGATTGCAGGAGAGGTAAGTGGAATTCCTAGTGTAGCGGTGAAATGCGTAGATATTAGGAGGAACACCAGTGGCGAAGGCGGCTTACTGGACTGTAAATGACGCTGAGGCTCGAAAGCGTGGGGAGCAAACAGG	70	33	50	29	40	12	20	0	30	50	98	0	15	0	0	20	68	0	47	0	45	61	28	41	43	0	20	28	24	73	31	18	0	0	0	0	
TACGTAGGTGGCGAGCGTTGTCCGGAATTACTGGGTGTAAAGGGAGTGTAGGCGGGAAAGCAAGTCAGAAGTGAAAACTATGGGCTTAACCCATAGCCTGCTTTTGAAACTGTTTTTCTTGAGTGAAGTAGAGGCAAGCGGAATTCCTAGTGTAGCGGTGAAATGCGTAGATATTAGGAGGAACACCAGTGGCGAAGGCGGCTTGCTGGGCTTTTACTGACGCTGAGGCTCGAAAGCGTGGGGAGCAAACAGG	0	0	26	23	0	11	180	58	48	29	22	0	19	0	31	13	0	26	60	55	9	119	33	19	69	0	0	13	38	270	0	25	68	0	199	0	
TACGGAGGATGCGAGCGTTATCCGGATTTATTGGGTTTAAAGGGTGCGTAGGTGGTTAATTAAGTCAGCGGTGAAAGTTTGTGGCTCAACCATAAAATTGCCGTTGAAACTGGTTGACTTGAGTATATTTGAGGTAGGCGGAATGCGTGGTGTAGCGGTGAAATGCATAGATATCACGCAGAACTCCGATTGCGAAGGCAGCTTACTAAACTATAACTGACACTGAAGCACGAAAGCGTGGGGATCAAACAGG	102	16	17	24	235	34	10	39	88	0	29	0	5	41	7	51	86	0	73	169	10	11	0	24	216	12	164	32	39	29	94	23	0	371	30	143	
TACGGAGGATCCAAGCGTTATCCGGATTTATTGGGTTTAAAGGGTGCGTAGGCGGTTTTATAAGTTAGAGGTGAAAATTCGGGGCTCAACTCCGGACGTGCCTCTAATACTGTATGACTAGAGAATAGATGCGGTAGGCGGAATGTATGGTGTAGCGGTGAAATGCGTAGAGATCATACAGAACACCGATTGCGAAGGCAGCTTACCAAACTATATCTGACGTTGAGGCACGAAAGCGTGGGGAGCAAACAGG	35	18	37	80	71	79	42	27	42	26	17	63	32	21	8	62	29	17	43	51	29	31	66	58	198	14	48	11	21	117	90	40	17	88	117	56	
TACGGAGGATGCGAGCGTTATCCGGATTTATTGGGTTTAAAGGGTGCGTAGGCGGGCATTTAAGCCGGCGGTCAAATGTCGGGGCTCAACCCCGGCCTGCCGTCGGAACTGGGTGCCTTGAGTGGGCGAGAAGTATGCGGAATGCGTGGTGTAGCGGTGAAATGCATAGATATCACGCAGAACCCCGATTGCGAAGGCAGCATACCGGCGCCCTACTGACGCTGAGGCACGAAAGTGCGGGTATCGAACAGG	86	0	0	32	0	56	62	33	0	37	0	61	52	49	0	0	30	52	0	0	61	59	0	50	53	0	92	38	52	42	63	0	61	59	76	0	
TACGTAGGTGGCAAGCGTTGTCCGGATTTACTGGGTGTAAAGGGCGTGCAGCCGGAGAGACAAGTCAGATGTGAAATCCACGGGCTCAACCCGTGAACTGCATTTGAAACTGTTTCCCTTGAGTGTCGGAGAGGTAATCGGAATTCCTTGTGTAGCGGTGAAATGCGTAGATATAAGGAAGAACACCAGTGGCGAAGGCGGATTACTGGACGATAACTGACGGTGAGGCGCGAAAGCGTGGGGAGCAAACAGG	19	80	0	10	93	17	28	35	0	53	46	0	11	26	12	10	60	38	95	15	11	116	32	69	28	25	0	38	0	88	31	31	16	13	50	22	
TACGTAGGGGGCAAGCGTTATCCGGATTTACTGGGTGTAAAGGGGGCGCAGACGGCAATGCAAGCCAGGAGTGAAAGCCCGGGGCCCAACCCCGGGACTGCTCTTGGAACTGCATGGCTGGAGTACAGGAGGGGCAGGCGGAATTCCTAGTGTAGCGGTGAAATGCGTAGATATTAGGAGGAACACCGGTGGCGAAGGCGGCCTGCTGGACTGTGACTGACGTTGAGGCCCGAAGGCGTGGGGAGCAAACAGG	0	81	12	12	25	0	0	14	40	70	0	0	14	17	0	63	52	0	44	0	6	0	22	0	35	10	29	84	0	11	0	0	23	84	55	112	
TACGTAGGGTGCGAGCGTTAATCGGAATTACTGGGCGTAAAGGGTGTGCAGGCGGTTTTGCAAGATGGATGTGAAAGCCCCGGGCTTAACCTGGGAAAGCCATACATGACTGCAAGACTAGAGTGCGTCAGAGGGGGGTGGAATTCCAAGTGTAGCAGTGAAATGCGTAGATATTTGGAAGAACACCGATGGCGAAGGCAGCCCCCTGGGACGCAACTGACGCTCATACACGAAAGCGTGGGGAGCAAACAGG	78	0	47	18	0	7	0	11	0	102	180	23	9	12	29	44	23	30	11	0	245	21	5	47	11	36	0	19	15	0	0	0	15	100	0	5	
TACGGAGGATGCGAGCGTTATCCGGATTTATTGGGTTTAAAGGGTGCGCAGGCGGCGTGTCAAGTCAGCGGTAAAATGTCGGGGCTCAACCCCGGCCGGCCGTTGAAACTGGCGTGCTCGAGTTGGAGAGAAGTATGCGGAATTCGTGGTGTAGCGGTGAAATGCATAGATATCACGAAGAACCCCGATTGCGAAGGCAGCATACCGGCTCCACACTGACGCTGAGGCACGAAAGCGTGGGTATCGAACAGG	82	22	42	34	38	78	39	27	55	39	27	19	0	24	36	46	9	20	39	34	19	30	20	39	54	19	39	18	47	35	69	11	93	84	204	15	
TACGTAGGGGGCAAGCGTTATCCGGATTTACTGGGTGTAAAGGGAGCGTAGACGGCAGCGCAAGTCTGGAGTGAAATCCCATGGCTTAACCATGGAACTGCTTTGGAAACTGTGCAGCTAGAGTGCAGGAGAGGTAAGCGGAATTCCTAGTGTAGCGGTGAAATGCGTAGATATTAGGAGGAACACCAGTGGCGAAGGCGGCTTACTGGACTGTAACTGACGTTGAGGCTCGAAAGCGTGGGGAGCAAACAGG	0	0	0	0	0	0	0	119	0	0	0	0	103	0	0	0	0	0	0	0	0	0	0	0	154	0	0	240	0	0	0	0	0	189	0	0	
TACGTAGGTGGCAAGCGTTATCCGGATTTACTGGGTGTAAAGGGCGTGTAGGCGGGACTGCAAGTCAGATGTGAAAACCACGGGCTCAACCTGTGGCCTGCATTTGAAACTGTAGTTCTTGAGTACTGGAGAGGCAGACGGAATTCCTAGTGTAGCGGTGAAATGCGTAGATATTAGGAGGAACACCAGTGGCGAAGGCGGTCTGCTGGACAGCAACTGACGCTGAGGCGCGAAAGCGTGGGGAGCAAACAGG	0	44	0	0	65	0	50	41	0	21	43	17	16	29	0	0	35	26	94	17	0	118	19	57	51	0	27	31	0	186	0	0	0	0	36	44	
TACGTAGGGGGCGAGCGTTATCCGGAATTACTGGGTGTAAAGGGAGCGTAGACGGCGAGGTAAGCCTGAAGTGGAAGCCCGCGGCCCAACCGCGGAACTGCTTTGGGAACTGTTTTGCTGGAGTATGGGAGGGGTAAGCGGAATTCCTGGTGTAGCGGTGAAATGCGTAGATATCAGGAGGAACACCGGTGGCGAAGGCGGCTTACTGGACCATAACTGACGTTGAGGCTCGAAAGCGTGGGGAGCGAACAGG	6	38	0	10	29	0	0	0	28	80	87	20	0	37	12	17	0	0	104	0	30	0	25	55	31	16	32	33	7	156	23	13	0	15	0	32	
TACGTAGGGGGCAAGCGTTATCCGGATTTACTGGGTGTAAAGGGAGCGTAGACGGCTGTACAAGTCTGAAGTGAAAGCCCGTGGCTCAACCGCGGAACTGCTTTGGAAACTGTAAAGCTGGAGTACTGGAGAGGCAGGCGGAATTCCTAGTGTAGCGGTGAAATGCGTAGATATTAGGAGGAACACCAGTGGCGAAGGCGGCCTGCTGGACAGAAACTGACGTTGAGGCTCGAAAGCGTGGGGAGCAAACAGG	56	48	38	14	72	0	0	51	10	76	93	32	10	15	0	23	42	0	0	13	0	37	14	20	17	0	0	0	0	65	20	30	11	20	21	40	
TACGTAGGGGGCAAGCGTTATCCGGATTTACTGGGTGTAAAGGGAGCGTAGACGGTGATGCAAGTCAGAAGTGAAAGCCCGGGGCTCAACTCCGGGACTGCTTTTGAAACTGTGTGACTGGAGTGCAGGAGAGGTAAGCGGAATTCCTGGTGTAGCGGTGAAATGCGTAGATATCAGGAGGAACACCAGTGGCGAAGGCGGCTTACTGGACTGTAACTGACGTTGAGGCTCGAAAGCGTGGGGAGCAAACAGG	0	134	0	0	0	0	0	0	0	0	0	0	0	0	0	0	0	0	0	0	80	43	0	0	0	0	0	83	0	0	0	0	0	0	0	105	
TACGTAGGTGGCAAGCGTTGTCCGGATTTACTGGGTGTAAAGGGCGTGCAGCCGGAGAGACAAGTCAGATGTGAAATCCACAGGCTCAACCTGTGAACTGCATTTGAAACTGTTTCCCTTGAGTATCGGAGAGGTCATCGGAATTCCTAGTGTAGCGGTGAAATGCGTAGATATTAGGAAGAACACCAGTGGCGAAGGCGGATGACTGGACGACAACTGACGGTGAGGCGCGAAAGCGTGGGGAGCAAACAGG	0	18	0	0	0	6	0	0	0	20	100	12	34	15	0	15	25	9	24	0	0	45	0	0	0	0	0	22	0	35	0	0	0	0	0	0	
TACGTATGGTGCAAGCGTTATCCGGATTTACTGGGTGTAAAGGGAGCGCAGGCGGCGCGCTAAGTCTGATGTGAAAGCCCGGGGCTCAACCGCGGGACTGCATTGGAAACTGGCGGGCTGGAGTGCCGGAGAGGTAAGCGGAATTCCTAGTGTAGCGGTGAAATGCGTAGATATTAGGAGGAACACCAGTGGCGAAGGCGGCTTACTGGACGGTGACTGACGCTGAGGCTCGAAAGCGTGGGGAGCAAACAGG	109	0	0	0	0	31	63	0	0	60	0	0	0	100	124	0	132	0	77	0	0	84	0	0	0	0	0	0	35	358	141	0	0	0	0	0	
TACGTAGGGGGCAAGCGTTATCCGGATTTACTGGGTGTAAAGGGAGCGTAGACGGCTGCGCAAGTCTGAAGTGAAAGCCCGGGGCTCAACCCCGGGACTGCTTTGGAAACTGTGTAGCTAGAGTGCTGGAGAGGCAAGCGGAATTCCTAGTGTAGCGGTGAAATGCGTAGATATTAGGAAGAACACCAGTGGCGAAGGCGGCTTGCTGGACAGTAACTGACGTTGAGGCTCGAAAGCGTGGGGAGCAAACAGG	67	33	33	0	0	0	0	0	14	35	44	0	104	29	0	0	26	18	23	0	0	73	0	17	20	26	0	0	10	62	28	16	14	0	77	0	
TACGTAGGGAGCGAGCGTTATCCGGAATTATTGGGCGTAAAGGGTGCGTAGATGGCATAGTAAGTCTTTTGTAAAAATGCTGGGCTCAACCCAGTAGGGCAAAAGATACTGCAAAGCTAGAGTATGACAGAGGCAAGTGGAACTACATGTGTAGCGGTAAAATGCGTAAATATATGTAAGAACACCAGTGGCGAAGGCGGCTTGCTGGGTCGATACTGACATTGAGGCACGAAAGCGTGGGGAGCAAACAGG	8	0	6	8	0	13	15	71	12	34	27	4	17	0	15	4	9	7	28	0	0	31	10	34	7	40	0	360	0	24	0	11	21	8	93	0	
TACGTAGGTGGCAAGCGTTATCCGGAATTATTGGGCGTAAAGAGGGAGCAGGCGGCAGCAAAGGTCTGTGGTGAAAGACTGAAGCTTAACTTCAGTAAGCCATAGAAACCGGGCAGCTAGAGTGCAGGAGAGGATCGTGGAATTCCATGTGTAGCGGTGAAATGCGTAGATATATGGAGGAACACCAGTGGCGAAGGCGACGATCTGGCCTGCAACTGACGCTCAGTCCCGAAAGCGTGGGGAGCAAATAGG	83	43	0	0	139	138	0	54	105	0	0	88	23	0	0	0	17	0	34	25	7	5	28	25	95	0	122	11	121	75	48	0	0	398	87	45	
TACGTAGGGGGCAAGCGTTATCCGGATTTACTGGGTGTAAAGGGAGCGTAGACGGCCATGCAAGTCTGATGTGAAAACCCGGGGCTCAACCCCGGGACTGCATTGGAAACTGTGCGGCTGGAGTGTCGGAGAGGCAAGTGGAATTCCTAGTGTAGCGGTGAAATGCGTAGATATTAGGAGGAACACCAGTGGCGAAGGCGGCTTGCTGGACGACGACTGACGTTGAGGCTCGAAAGCGTGGGGAGCAAACAGG	0	0	0	0	0	0	0	0	30	0	26	0	39	38	0	0	0	0	0	0	0	0	0	0	0	0	0	54	0	0	0	6	0	0	24	0	
TACGGAGGATGCGAGCGTTATCCGGATTTATTGGGTTTAAAGGGTGCGTAGGCGGGCATTTAAGCCGGCGGTCAAATGTCGGGGCTCAACCCCGGCCTGCCGTCGGAACTGGGTGCCTTGAGTGGGCGAGAAGTATGCGGAATGCGTGGTGTAGCGGTGAAATGCATAGATATCACGCAGAACCCCGATTGCGAAGGCAGCATACCGGCGCCCGACTGACGCTGAGGCACGAAAGTGCGGGTATCGAACAGG	62	13	0	0	22	51	0	0	0	0	0	52	0	0	0	33	0	0	0	36	42	0	38	59	71	0	0	0	0	0	50	67	35	61	77	0	
TACGTAGGGGGCAAGCGTTATCCGGATTTACTGGGTGTAAAGGGAGCGTAGACGGCGATGCAAGCCAGATGTGAAAGCCCGGGGCTCAACCCCGGGACTGCATTTGGAACTGTGTGGCTGGAGTGTCGGAGAGGCAAGTGGAATTCCTAGTGTAGCGGTGAAATGCGTAGATATTAGGAGGAACACCAGTGGCGAAGGCGGCTTGCTGGACGATGACTGACGTTGAGGCTCGAAAGCGTGGGGAGCAAACAGG	0	0	0	0	0	0	22	0	0	0	230	0	0	69	0	147	170	69	52	157	0	68	29	19	0	18	0	0	0	0	0	0	0	0	0	0	
TACGTAGGGGGCAAGCGTTATCCGGATTTACTGGGTGTAAAGGGAGCGTAGACGGCAGGGCAAGTCTGGAGTGAAAGCCCGGGGCTCAACCCCGGGACTGCTTTGGAAACTGCCATGCTAGAGTGCTGGAGAGGTAAGCGGAATTCCTAGTGTAGCGGTGAAATGCGTAGATATTAGGAGGAACACCAGTGGCGAAGGCGGCTTACTGGACAGTAACTGACGTTGAGGCTCGAAAGCGTGGGGAGCAAACAGG	0	0	85	49	0	0	0	81	0	0	116	0	53	0	0	0	0	0	57	0	46	0	0	0	0	0	0	46	0	63	0	0	0	0	38	0	
TACGTAGGGGGCAAGCGTTATCCGGATTTACTGGGTGTAAAGGGAGCGTAGACGGTGAGACAAGTCTGAAGTGAAAGCCCGGGGCTCAACCCCGGGACTGCTTTGGAAACTGCCTGACTGGAGTGCTGGAGAGGCAAGCGGAATTCCTAGTGTAGCGGTGAAATGCGTAGATATTAGGAAGAACACCAGTGGCGAAGGCGGCTTGCTGGACAGTAACTGACGTTGAGGCTCGAAAGCGTGGGGAGCAAACAGG	0	0	47	39	43	0	0	26	0	26	65	0	0	26	0	0	0	0	0	0	72	0	19	0	0	17	0	0	0	87	0	0	25	18	20	71	
TACGTAGGGGGCAAGCGTTATCCGGATTTACTGGGTGTAAAGGGAGCGCAGACGGCAGTGCAAGTCTGGAGTGAAAGCCCGGGGCCCAACCCCGGAACTGCTCTGGAAACTGTGCGGCTAGAGTACTGGAGGGGCAGGCGGAATTCCTAGTGTAGCGGTGAAATGCGTAGATATTAGGAGGAACACCAGTGGCGAAGGCGGCCTGCTGGACAGTAACTGACGTTGAGGCTCGAAAGCGTGGGGAGCAAACAGG	58	38	0	10	18	13	0	45	8	16	21	0	37	19	0	0	0	25	19	10	22	20	7	9	0	0	13	46	10	100	9	11	13	16	76	29	
TACGTATGGAGCAAGCGTTATCCGGATTTACTGGGTGTAAAGGGAGCGCAGACGGCAGGGCAAGTCTGATGTGAAAGTCCGGGGCTCAACCCCGGGACTGCATTGGAAACTGTCCGGCTAGAGTGCAGGAGAGGTAAGTGGAATTCCTAGTGTAGCGGTGAAATGCGTAGATATTAGGAGGAACACCAGTGGCGAAGGCGGCTTACTGGACTGTAACTGACGTTGAGGCTCGAAAGCGTGGGGAGCAAACAGG	0	253	0	0	36	0	0	0	0	0	0	0	0	96	0	0	23	0	66	0	0	0	0	0	18	0	0	0	0	0	0	0	0	0	0	0	
TACGTAGGGGGCAAGCGTTATCCGGATTTACTGGGTGTAAAGGGAGCGTAGACGGCATGGCAAGCCAGATGTGAAATACCGGGGCTCAACCCCGGGACTGCATTTGGAACTGTTAAGCTGGAGTGTCGGAGAGGCAGGCGGAATTCCTAGTGTAGCGGTGAAATGCGTAGATATTAGGAGGAACACCAGTGGCGAAGGCGGCCTGCTGGACGATGACTGACGTTGAGGCTCGAAAGCGTGGGGAGCAAACAGG	43	0	0	0	0	0	0	0	0	187	0	0	67	0	0	0	0	0	0	0	0	0	0	0	0	14	0	0	0	0	0	0	0	253	108	0	
TACGTAGGGGGCAAGCGTTATCCGGATTTACTGGGTGTAAAGGGAGCGCAGGCGGCGCGGTAAGTCTGATGTGAAAGCCCGGGGCTCAACCCCGGGACTGCATTGGAAACTGTCGTGCTGGAGTGTCGGAGGGGCAAGTGGAATTCCTAGTGTAGCGGTGAAATGCGTAGATATTAGGAGGAACACCAGTGGCGAAGGCGGCTTGCTGGACGACAACTGACGCTGAGGCTCGAAAGCGTGGGGAGCAAACAGG	14	0	20	9	0	0	0	36	0	20	0	10	13	11	0	0	25	0	0	0	0	0	13	0	9	0	0	15	0	111	28	0	21	0	84	0	
TACGTAGGGAGCAAGCGTTGTCCGGAATTACTGGGCGTAAAGGGCGCGTAGGTGGGCGCTTAAGTCAGGTGTGAAAACTCCGGGCTCAACCTGGAGACTGCACTTGAAACTGGGTGTCTTGAGGGCAGGAGAGGAAAGTGGAATTCCTAGTGTAGCGGTGAAATGCGTAGATATTAGGAGGAACACCAGTGGCGAAGGCGACTTTCTGGACTGTACCTGACGCTGAGGCGCGAAAGCGTGGGTAGCGAACGGG	13	38	18	13	39	6	0	51	12	21	28	18	46	28	0	0	25	0	30	0	17	0	12	26	17	3	9	33	0	92	0	0	5	19	31	33	
TACGTAGGGGGCGAGCGTTATCCGGATTTACTGGGTGTAAAGGGAGCGTAGACGGTTCTGCAAGTCTGAAGTGAAAGCCCGTGGCTTAACCGCGGAACGGCTTTGGAAACTGTGGAACTGGAGTGCTGGAGAGGCAAGCGGAATTCCTAGTGTAGCGGTGAAATGCGTAGATATTAGGAGGAACACCAGTGGCGAAGGCGGCTTGCTGGACAGTAACTGACGTTGAGGCTCGAAAGCGTGGGGAGCAAACAGG	0	19	0	0	34	65	0	64	0	30	72	52	45	0	0	0	11	0	0	0	0	19	0	0	45	0	0	48	17	0	37	13	0	0	46	0	
TACGTAGGTGGCAAGCGTTGTTCGGAATAACTGGGCGTAAAGGATGCGTAGGCGGTTAAACAAGTTATATGTTAAATATATAGGCTTAACCTGTAGAAAGCATATAAAACTGTTTAACTAGAGTGCAGGAGAGGTAAGTGGAATTCCTAGTGTAGCGGTGAAATGCGTAGAGATTAGGAAGAACACCAGTGGCGAAGGCGACTTACTGGACTGTAACTGACGCTGAGGCATGAGAGCATGGGGAGCAAACAGG	0	0	0	0	0	0	5	0	0	0	38	0	0	0	0	0	6	0	0	0	8	0	3	28	0	27	0	0	0	5	0	0	0	0	12	0	
TACGGAGGATCCGAGCGTTATCCGGATTTATTGGGTTTAAAGGGAGCGTAGGCGGACGCTTAAGTCAGTTGTGAAAGTTTGCGGCTCAACCGTAAAATTGCAGTTGATACTGGGTGTCTTGAGTACAGTAGAGGCAGGCGGAATTCGTGGTGTAGCGGTGAAATGCTTAGATATCACGAAGAACTCCGATTGCGAAGGCAGCCTGCTGGACTGTAACTGACGCTGATGCTCGAAAGTGTGGGTATCAAACAGG	234	18	67	38	57	91	25	24	40	21	97	13	30	0	18	38	0	0	22	32	0	21	45	0	45	0	0	0	29	67	52	38	32	85	45	54	
TACGTAGGTGGCAAGCGTTATCCGGATTTATTGGGTGTAAAGGGCGTGTAGGCGGGAATGCAAGTCAGATGTGAAAACTATGGGCTCAACCCATAGCCTGCATTTGAAACTGTATTTCTTGAGTGCTGGAGAGGCAATCGGAATTCCGTGTGTAGCGGTGAAATGCGTAGATATACGGAGGAACACCAGTGGCGAAGGCGGATTGCTGGACAGTAACTGACGCTGAGGCGCGAAAGCGTGGGGAGCAAACAGG	0	133	41	0	54	30	54	0	0	0	0	30	0	0	0	35	61	0	115	0	0	136	31	31	34	0	0	0	0	78	37	0	0	0	0	0	
TACGTAGGGGGCAAGCGTTATCCGGATTTACTGGGTGTAAAGGGAGCGTAGACGGTTGTATAAGTCTGGAGTGAAAGCCCGGGGCCCAACCCCGGGACTGCTTTGGAAACTGTGTAACTTGAGTACAGGAGGGGCAGGCGGAATTCCTGGTGTAGCGGTGAAATGCGTAGATATCAGGAGGAACACCGGCGGCGAAGGCGGCCTGCTGGACTGAAACTGACGTTGAGGCTCGAAAGCGTGGGGAGCAAACAGG	24	0	0	0	0	0	0	0	0	0	0	0	0	0	0	0	23	0	0	0	0	35	0	198	0	0	0	0	0	44	0	0	0	0	349	0	
TACGTAGGTGGCAAGCGTTATCCGGATTTACTGGGTGTAAAGGGCGTGTAGGCGGGACTGCAAGTCAGATGTGAAATTCCAGGGCTCAACCCTGGAACTGCATTTGAAACTGTAGTTCTTGAGTGATGGAGAGGCAGGCGGAATTCCGTGTGTAGCGGTGAAATGCGTAGATATACGGAGGAACACCAGTGGCGAAGGCGGCCTGCTGGACATTAACTGACGCTGAGGCGCGAAAGCGTGGGGAGCAAACAGG	25	16	31	38	33	25	20	25	20	25	21	26	0	0	16	28	13	15	20	24	0	12	31	23	25	15	38	15	26	63	41	21	22	30	83	43	
TACGTAGGGGGCAAGCGTTATCCGGATTTACTGGGTGTAAAGGGAGCGTAGACGGCATAGCAAGTCTGAAGTGAAAGCCCGTGGCTCAACCGCGGAACTGCTTTGGAAACTGTTAAGCTGGAGTACTGGAGAGGCAAGCGGAATTCCTAGTGTAGCGGTGAAATGCGTAGATATTAGGAGGAACACCAGTGGCGAAGGCGGCTTGCTGGACAGAGACTGACGTTGAGGCTCGAAAGCGTGGGGAGCAAACAGG	75	0	0	0	0	27	0	0	0	0	39	53	80	0	0	0	0	0	0	0	34	20	0	25	0	0	0	44	0	0	27	0	12	18	53	0	
TACGGAGGATGCGAGCGTTATCCGGATTTATTGGGTTTAAAGGGTGCGCAGGCGGAGGCACAAGTCAGCGGTAAAATCGCGGGGCTCAACCCCGCTCCGCCGTTGAAACTGTGTCCCTTGAGTGCGCGAAGGGTAGGCGGAATGCGTGGTGTAGCGGTGAAATGCATAGATATCACGCAGAACTCCGATCGCGAAGGCAGCCTACCGGCGCGCAACTGACGCTCATGCACGAAAGCGTGGGTATCGAACAGG	330	0	0	0	0	79	0	0	0	0	89	0	0	0	0	48	0	0	0	0	0	0	0	43	0	0	0	0	0	0	92	55	0	0	0	0	
TACGTAGGGGGCGAGCGTTATCCGGATTCATTGGGCGTAAAGCGCGCGTAGGCGGCCGCCTAAGCGGAACCTCTAACCCCGGGGCTCAACCTCGGGCCGGGTTCCGGACTGGGCGGCTCGAGTGCGGTAGAGGAGAGCGGAATTCCCGGTGTAGCGGTGGAATGCGCAGATATCGGGAAGAACACCGATGGCGAAGGCAGCTCTCTGGGCCGTCACTGACGCTGAGGCGCGAAAGCTGGGGGAGCGAACAGG	15	10	0	18	0	18	17	6	0	15	0	11	14	0	35	0	0	0	25	23	19	13	15	23	17	0	16	13	18	12	17	7	47	0	28	0	
TACGTAGGGAGCAAGCGTTATCCGGATTTACTGGGTGTAAAGGGCGTGTAGGCGGGCATGCAAGCCAGAAGTGAAATCTGGGGGCTTAACCCCCAAACTGCTTTTGGAACTGCGTGTCTTGAGTGATGGAGAGGCAGGCGGAATTCCCAGTGTAGCGGTGAAATGCGTAGATATTGGGAGGAACACCAGTGGCGAAGGCGGCCTGCTGGACATTAACTGACGCTGAGGCGCGAAAGCGTGGGGAGCAAACAGG	9	34	0	0	54	0	0	20	11	0	0	0	0	39	0	11	30	0	39	0	13	0	0	0	38	0	0	73	23	112	0	0	12	17	0	16	
TACGTAGGGGGCAAGCGTTATCCGGATTTACTGGGTGTAAAGGGGGCGCAGACGGCGATGCAAGCCAGGAGTGAAAGCCCGGGGCCCAACCCCGGGACTGCTCTTGGAACTGCGTGGCTGGAGTGCAGGAGGGGCAGGCGGAATTCCTGGTGTAGCGGTGAAATGCGTAGATATCAGGAGGAACACCGGTGGCGAAGGCGGCCTGCTGGACTGCAACTGACGTTGAGGCCCGAAAGCGTGGGGAGCAAACAGG	0	0	0	0	0	0	170	0	0	0	0	0	0	0	0	0	0	134	59	94	0	220	0	0	0	0	0	0	0	0	0	0	0	0	0	0	
TACGTAGGGGGCAAGCGTTATCCGGATTTACTGGGTGTAAAGGGAGCGTAGACGGCGTGCCAAGTCTGATGTGAAAGGCCGGGGCTCAACCCCGGGACTGCATTGGAAACTGGCATGCTGGAGTGCCGGAGGGGCAAGCGGAATTCCTAGTGTAGCGGTGAAATGCGTAGATATTAGGAGGAACACCGGTGGCGAAGGCGGCTTGCTGGACGGTAACTGACGTTGAGGCTCGAAAGCGTGGGGAGCAAACAGG	0	0	0	94	0	0	0	0	0	0	0	23	0	0	0	0	0	0	0	0	0	0	0	30	0	0	98	0	0	0	0	0	0	0	0	101	
TACGTAGGTGGCAAGCGTTATCCGGAATTATTGGGCGTAAAGCGCGCGTAGGCGGTTTCTTAAGTCTGATGTGAAAGCCCACGGCTCAACCGTGGAGGGTCATTGGAAACTGGGAAACTTGAGTGCAGAAGAGGAAAGTGGAATTCCATGTGTAGCGGTGAAATGCGCAGAGATATGGAGGAACACCAGTGGCGAAGGCGACTTTCTGGTCTGTAACTGACGCTGATGTGCGAAAGCGTGGGGATCAAACAGG	8	0	0	0	0	7	0	0	8	0	0	0	0	0	0	0	6	0	0	0	0	0	0	0	0	0	0	0	0	11	0	0	0	0	0	7	
TACGTAGGTGGCAAGCGTTATCCGGAATGATTGGGCGTAAAGGGTGCGCAGGCGGAACCATAAGTCTGAAGTAAAAGCCATCGGCTCAACCGATGTAAGCTTTGGAAACTGTGGATCTGGAGTGCAGGAGAGGACAGTGGAATTCCATGTGTAGCGGTAAAATGCGTAGATATATGGAGGAACACCAGTGGCGAAGGCGGCTGTCTGGCCTGTAACTGACGCTGAGGCACGAAAGCGTGGGGAGCAAATAGG	0	4	0	35	0	82	0	15	0	0	0	0	0	0	7	0	0	0	0	18	0	0	0	0	5	0	0	65	0	0	0	0	143	463	0	57	
TACGTAGGGGGCAAGCGTTATCCGGATTTACTGGGTGTAAAGGGAGCGTAGACGGTGTGGCAAGCCAGATGTGAAAGCCCGGGGCTCAACCCCGGGACTGCATTTGGAACTGTCAGACTGGAGTGTCGGAGAGGCAGGCGGAATTCCTAGTGTAGCGGTGAAATGCGTAGATATTAGGAGGAACACCAGTGGCGAAGGCGGCCTGCTGGACGATGACTGACGTTGAGGCTCGAAAGCGTGGGGAGCAAACAGG	79	52	0	0	0	24	0	45	0	0	0	0	0	0	0	0	0	0	59	0	0	0	0	0	0	0	0	0	0	0	132	0	0	0	0	0	
TACGTAGGGGGCAAGCGTTATCCGGATTTACTGGGTGTAAAGGGAGCGTAGACGGTTATGCAAGTCTGAAGTGAAAGCCCAAGGCTCAACCATGGGACTGCTTTGGAAACTGTAAAACTGGAGTGCAGGAGAGGTAAGCGGAATTCCTAGTGTAGCGGTGAAATGCGTAGATATTAGGAGGAACACCAGTGGCGAAGGCGGCTTACTGGACTGTAACTGACGTTGAGGCTCGAAGGCGTGGGGAGCAAACAGG	0	0	0	0	0	0	0	0	13	162	0	0	0	76	17	0	37	0	51	0	0	131	0	0	0	0	0	0	14	403	0	0	0	44	0	0	
TACGTAGGGAGCAAGCGTTGTCCGGAATTACTGGGTGTAAAGGGAGCGTAGGCGGGAGGATAAGTTGAATGTGAAATCTATGGGCTCAACCCATAGCTGCGTTCAAAACTGTTCTTCTTGAGTGAAGTAGAGGCAGGCGGAATTCCTAGTGTAGCGGTGAAATGCGTAGATATTAGGAGGAACACCAGTGGCGAAGGCGGCCTGCTGGGCTTTTACTGACGCTGAGGCTCGAAAGCGTGGGTAGCAAACAGG	0	10	0	0	19	0	0	0	16	45	22	32	17	12	0	0	8	0	0	0	16	22	18	10	18	6	0	48	0	38	11	0	13	20	0	0	
TACGTAGGTGGCAAGCGTTGTCCGGATTTACTGGGTGTAAAGGGCGTGCAGCCGGGAAGACAAGTCAGATGTGAAATCCCGCGGCTCAACCGCGGAACTGCATTTGAAACTGTTTTTCTTGAGTACCGGAGAGGTCATCGGAATTCCTTGTGTAGCGGTGAAATGCGTAGATATAAGGAAGAACACCAGTGGCGAAGGCGGATGACTGGACGGCAACTGACGGTGAGGCGCGAAAGCGTGGGGAGCAAACAGG	13	15	24	0	22	19	83	27	15	11	51	0	0	0	0	0	0	16	40	8	9	84	22	0	40	0	0	0	0	46	26	0	7	16	19	0	
TACGGGGGGTGCAAGCGTTGTCCGGAATCATTGGGCGTAAAGAGTTCGTAGGCGGCACGTAAAGTCTGGTGTTAAAGGCAGAGGCTCAACTTCTGTACGGCACTGGATACTTGCGAGCTAGAATGCGGTAGAGGTAAAGGGAATTCCTGGTGTAGCGGTGAAATGCTTAGATATCAGGAGGAACATCGGTGGCGTAAGCGCTTTACTGGGCCGTAATTGACGCTGAGGAACGAAAGCCAGGGTAGCAAATGGG	95	0	7	0	46	43	0	0	0	0	330	0	0	0	0	78	13	0	10	85	0	0	0	0	0	0	0	0	0	0	0	0	0	192	0	0	
TACGTAGGGGGCAAGCGTTATCCGGATTTACTGGGTGTAAAGGGAGCGTAGGCGGCGACGCAAGTCAGAAGTGAAAGCCCGGGGCTCAACTCCGGGACTGCTTTTGAAACTGCGTTGCTAGATTGCGGGAGAGGCAAGTGGAATTCCTAGTGTAGCGGTGAAATGCGTAGATATTAGGAGGAACACCAGTGGCGAAGGCGGCTTGCTGGACCGTGAATGACGCTGAGGCTCGAAAGCGTGGGGAGCAAACAGG	0	72	40	0	45	0	0	0	5	18	0	0	18	114	7	0	165	28	49	21	0	104	0	0	0	0	0	0	0	0	0	20	0	0	0	0	
TACGTAGGGGGCGAGCGTTATCCGGAATTACTGGGTGTAAAGGGAGCGTAGACGGCAGGGTAAGCCTGGAGTGGAAGCCCGCGGCCCAACCGCGGAACTGCTTTGGGAACTGCCCGGCTGGAGTATGGGAGGGGTAAGCGGAATTCCTGGTGTAGCGGTGAAATGCGTAGATATCAGGAGGAACACCGGTGGCGAAGGCGGCTTACTGGACCATAACTGACGTTGAGGCTCGAAAGCGTGGGGAGCGAACAGG	0	0	0	0	0	12	34	271	0	0	0	0	0	0	0	0	0	0	0	0	0	17	0	0	0	0	0	0	0	0	0	0	35	0	137	0	
TACGGAGGATGCGAGCGTTATCCGGATTTATTGGGTTTAAAGGGTGCGTAGGTTGTTTTTTAAGTCAGCGGTGAAAGTTTGTGGCTCAACCATAAAATTGCCGTTGAAACTGGAAGACTTGAGTGTGTTTGAGGTAGGCGGAATGTGTGGTGTAGCGGTGAAATGCATAGATATCACGCAGAACTCCGATTGCGAAGGCAGCTTACTAAACCATAACTGACACTGAAGCACGAAAGCGTGGGGATCAAACAGG	148	0	56	0	0	45	0	56	0	18	116	21	10	21	0	72	88	37	42	0	0	33	0	72	33	0	0	0	0	0	0	0	0	231	14	0	
TACGTAGGGGGCAAGCGTTATCCGGATTTACTGGGTGTAAAGGGAGCGTAGACGGTGATGCAAGTCAGAAGTGAAAGCCCGGGGCTCAACTCCGGGACTGCTTTTGAAACTGTGTAACTGGAGTGCAGGAGAGGTAAGCGGAATTCCTGGTGTAGCGGTGAAATGCGTAGATATCAGGAGGAACACCAGTGGCGAAGGCGGCTTACTGGACTGTAACTGACGTTGAGGCTCGAAAGCGTGGGGAGCAAACAGG	0	0	0	0	86	0	0	0	0	39	96	35	26	0	0	0	0	0	0	0	0	0	0	0	107	0	0	0	0	0	0	17	0	0	0	0	
TACGTAGGGGGCTAGCGTTATCCGGAATTACTGGGCGTAAAGGGTGCGTAGGTGGTTTCTTAAGTCAGAGGTGAAAGGCTACGGCTCAACCGTAGTAAGCCTTTGAAACTGGGGAACTTGAGTGCAGGAGAGGAGAGTGGAATTCCTAGTGTAGCGGTGAAATGCGTAGATATTAGGAGGAACACCAGTTGCGAAGGCGGCTCTCTGGACTGTAACTGACACTGAGGCACGAAAGCGTGGGGAGCAAACAGG	0	0	0	0	0	0	0	0	173	154	0	86	37	0	227	189	11	32	0	0	0	0	0	0	0	0	0	0	0	0	0	0	73	0	0	0	
TACGTAGGGGGCAAGCGTTATCCGGATTTACTGGGTGTAAAGGGAGCGTAGACGGCTGGCCAAGTCTGAAGTGAAAGCCCGGGGCTTAACCCCGGAACGGCTTTGGAAACTGGCCGGCTGGAGTGCTGGAGAGGCAGGCGGAATTCCTGGTGTAGCGGTGAAATGCGTAGATATCAGGAGGAACACCGGTGGCGAAGGCGGCCTGCTGGACAGTAACTGACGTTGAGGCTCGAAAGCGTGGGGAGCAAACAGG	19	68	0	0	24	0	0	0	51	0	0	0	0	11	0	0	0	0	12	0	0	10	0	20	0	7	12	34	17	99	0	0	0	13	0	31	
TACGTAGGGGGCAAGCGTTATCCGGATTTACTGGGTGTAAAGGGAGCGTAGACGGCTGTGCAAGTCTGAAGTGAAAGCCCGTGGCTCAACCGCGGAACTGCTTTGGAAACTGTATAGCTTGAGTACTGGAGAGGCAGGCGGAATTCCTAGTGTAGCGGTGAAATGCGTAGATATTAGGAGGAACACCAGTGGCGAAGGCGGCCTGCTGGACAGAAACTGACGTTGAGGCTCGAAAGCGTGGGGAGCAAACAGG	0	0	0	0	0	0	145	0	0	0	0	0	0	0	0	0	0	133	87	0	0	205	0	0	0	0	23	0	0	0	0	0	0	0	0	0	
TACGTAGGGGGCAAGCGTTATCCGGATTCACTGGGCGTAAAGGGAGCGCAGGCGGCATGGCAAGTCTGATGTGAAAACCCGGGGCCCAACCCCGGGAGTGCATTGGAAACTGCCAGGCTGGAGTGTCGGAGGGGTAAGCGGAATTCCTAGTGTAGCGGTGAAATGCGTAGATATTAGGAGGAACACCAGTGGCGAAGGCGGCTTACTGGACGACTACTGACGCTGAGGCTCGAAAGCGTGGGGAGCAAACAGG	0	0	0	0	0	0	103	0	0	0	0	0	0	0	0	0	0	25	38	0	0	115	0	56	0	13	0	0	0	0	0	0	0	0	0	0	
TACGTAGGGGGCAAGCGTTATCCGGATTCATTGGGCGTAAAGCGCGCGCAGGCGGGTTGCTAAGCGGGACCTCTAATCTCAGGGCTCAACCTTGAGCCGGGTCCCGAACTGGCAGCCTCGGGTTCGGTAGGGGAGATCGGAATTCCCGGTGTAGCGGTGGAATGCGCAGATATCGGGAAGAACACCGATGGCGAAGGCAGATCTCTGGGCCGCAACCGACGCTGAGGCGCGAAAGCTAGGGGAGCGAACAGG	15	0	0	10	0	0	0	0	13	0	15	10	0	10	0	0	12	0	0	7	0	14	0	0	0	6	0	0	0	12	23	16	31	0	30	0	
TACGTAGGGGGCAAGCGTTATCCGGATTTACTGGGTGTAAAGGGAGCGTAGACGGCGATGCAAGTCTGAAGTGAAAGCCCGGGGCTCAACCCCGGGACTGCTTTGGAAACTGTATGGCTGGAGTGCTGGAGAGGCAAGCGGAATTCCTAGTGTAGCGGTGAAATGCGTAGATATTAGGAAGAACACCAGTGGCGAAGGCGGCTTGCTGGACAGTAACTGACGTTGAGGCTCGAAAGCGTGGGGAGCAAACAGG	121	0	0	0	0	0	0	0	0	0	0	0	0	0	13	0	0	0	26	12	0	0	0	0	0	0	0	0	0	76	0	0	0	69	0	23	
TACGTAGGGGGCAAGCGTTATCCGGATTTACTGGGTGTAAAGGGAGCGTAGGTGGCAGGGCAAGTCAGATGTGAAAACCCGGGGCTCAACTCCGGGATTGCATTTGAAACTGTCCGGCTGGAGTGCAGGAGAGGTAAGTGGAATTCCTAGTGTAGCGGTGAAATGCATAGATATTAGGAGGAACACCAGTGGCGAAGGCGGCTTACTGGACTGTAACTGACACTGAGGCTCGAAAGCGTGGGGAGCAAACAGG	120	0	13	19	0	15	161	0	0	0	0	31	0	0	0	0	0	80	28	0	0	145	0	0	0	0	0	0	0	0	0	0	0	0	0	0	
TACGTATGGAGCAAGCGTTATCCGGATTTACTGGGTGTAAAGGGAGCGTAGGCGGCCTGGCAAGTCTGGTGTGAAATACCGGGGCCCAACCCCGGGACTGCATTGGAAACTGCCAGGCTGGAGTGTCGGAGGGGCAGGCGGAATTCCTAGTGTAGCGGTGAAATGCGTAGATATTAGGAGGAACACCGGTGGCGAAGGCGGCCTGCTGGACGACAACTGACGCTGAGGCTCGAAAGCGTGGGGAGCAAACAGG	25	0	0	0	0	0	0	93	0	31	0	0	0	0	0	0	0	0	0	0	0	0	0	25	0	0	0	0	0	0	50	76	0	0	0	0	
TACGTAGGGGGCAAGCGTTATCCGGATTTACTGGGTGTAAAGGGTGCGTAGGTGGCAGGGCAAGTCAGATGTGAAAGCCCGGGGCTCAACCCCGGTACTGCATTTGAAACTGTCCAGCTGGAGTGCAGGAGAGGTAAGCGGAATTCCTAGTGTAGCGGTGAAATGCGTAGATATTAGGAGGAACACCAGTGGCGAAGGCGGCTTACTGGACTGTAACTGACACTGAGGCACGAAAGCGTGGGGAGCAAACAGG	0	0	0	0	51	0	0	0	0	60	41	0	0	0	25	0	0	0	0	0	33	0	0	0	50	10	5	89	61	152	0	0	0	0	0	0	
TACGTAGGGGGCAAGCGTTATCCGGATTTACTGGGTGTAAAGGGAGCGTAGACGGCTAATCAAGTCAGAAGTGAAAACCCAGGGCTCAACCTTGGGACTGCTTTTGAAACTGAGTAGCTAGAGTGCAGGAGAGGTAAGCGGAATTCCTAGTGTAGCGGTGAAATGCGTAGATATTAGGAGGAACACCAGTGGCGAAGGCGGCTTACTGGACTGTAACTGACGTTGAGGCTCGAAAGCGTGGGGAGCAAACAGG	0	0	34	0	0	0	0	0	0	27	119	0	0	0	0	25	0	0	0	0	0	0	0	29	0	36	0	112	0	0	0	0	0	0	0	0	
TACGTAGGGGGCAAGCGTTATCCGGATTTACTGGGTGTAAAGGGAGCGTAGACGGCGCTGCAAGTCCGGAGTGAAAGCCCATGGCTTAACCATGGTACTGCTCTGGAAACTGTGGAGCTTGAGTGCGGGAGGGGCAGGCGGAATTCCTAGTGTAGCGGTGAAATGCGTAGATATTAGGAGGAACACCGGCGGCGAAGGCGGCCTGCTGGACCGTAACTGACGTTGAGGCTCGAAAGCGTGGGGAGCAAACAGG	0	0	0	40	10	0	0	0	0	0	0	0	0	0	0	0	0	0	0	0	0	0	0	0	0	0	0	56	0	21	0	0	0	16	0	0	
TACGTAGGGGGCAAGCGTTATCCGGAATTACTGGGTGTAAAGGGAGCGTAGACGGCAATGCAAGTCCGGAGTGGAATGCGGCAGCTCAACTGCCGAACTGCTCTGGAAACTGTATGGCTTGAGTGCAGGAGGGGTAAGCGGAATTCCTGGTGTAGCGGTGAAATGCGTAGATATCAGGAGGAACACCGGTGGCGAAGGCGGCTTACTGGACTGTAACTGACGTTGAGGCTCGAAAGCGTGGGGAGCAAACAGG	0	17	0	0	0	0	0	15	0	31	0	17	28	14	12	0	26	0	0	0	13	25	0	22	0	14	0	0	0	13	5	0	0	0	0	0	
TACGTATGGGGCAAGCGTTATCCGGATTTACTGGGTGTAAAGGGAGCGTAGGCGGTACGGCAAGTCAGAAGTGAAAGCCTGGGGCTCAACCCCGGAATTGCTTTTGAAACTGTCGAACTAGAGTGTCGGAGGGGTAAGCGGAATTCCTAGTGTAGCGGTGAAATGCGTAGATATTAGGAGGAACACCGGTGGCGAAGGCGGCTTACTGGACGACCACTGACGCTGAGGCTCGAAAGCGTGGGGAGCAAACAGG	30	40	0	6	90	156	67	0	0	0	0	0	0	0	0	0	0	0	0	145	0	0	0	56	111	0	81	0	0	0	366	129	0	32	14	0	
TACGTAGGGGGCAAGCGTTATCCGGATTTACTGGGTGTAAAGGGTGCGTAGGTGGCAGGGCAAGTCAGATGTGAAAGCCCGGGGCTCAACCCCGGTATTGCATTTGAAACTGTCCGGCTAGAGTGCAGGAGAGGTAAGCGGAATTCCTAGTGTAGCGGTGAAATGCGTAGATATTAGGAGGAACACCAGTGGCGAAGGCGGCTTACTGGACTGTAACTGACACTGAGGCACGAAAGCGTGGGGAGCAAACAGG	0	0	0	0	0	0	0	0	0	0	0	16	64	56	0	0	86	0	56	0	0	0	114	0	0	0	0	0	0	0	0	111	0	61	111	0	
TACGTAGGGGGCAAGCGTTATCCGGATTCATTGGGCGTAAAGCGCGCGCAGGCGGGCCGCTAAGCGGGACCTCTAATCTTGGGGCTCAACCTCAAGCCGGGTCCCGAACTGGCAGCCTCGAGTGCGGTAGGGGTAAGCGGAATTCCCGGTGTAGCGGTGGAATGCGCAGATATCGGGAAGAACACCGATGGCGAAGGCAGCTTACTGGGCCGACACTGACGCTGAGGCGCGAAAGCTAGGGGAGCGAACAGG	15	0	0	0	0	0	0	3	22	8	8	15	0	0	13	10	0	0	0	0	0	0	14	0	4	0	14	0	0	0	0	0	0	11	43	17	
TACGTAGGGAGCAAGCGTTGTCCGGATTTACTGGGTGTAAAGGGTGCGTAGGCGGCTTAGCAAGTCAGAAGTGAAATCCATGGGCTTAACCCATGAACTGCTTTTGAAACTGCTAAGCTTGAGTGGAGTAGAGGTAGGCGGAATTCCCGGTGTAGCGGTGAAATGCGTAGAGATCGGGAGGAACACCAGTGGCGAAGGCGGCCTACTGGGCTCTAACTGACGCTGAGGCACGAAAGCGTGGGTAGCAAACAGG	0	89	0	13	43	0	0	0	0	0	0	9	0	0	0	0	0	0	34	14	15	0	0	0	32	0	0	50	0	162	0	0	0	0	0	0	
TACGTAGGGAGCAAGCGTTATCCGGATTTACTGGGTGTAAAGGGCGTGTAGGCGGGCCTGCAAGTCAGAAGTGAAATCTGGGGGCTTAACCCCCAAACTGCTTTTGAAACTGCGGGTCTTGAGTGATGGAGAGGCAGGCGGAATTCCCAGTGTAGCGGTGAAATGCGTAGATATTGGGAGGAACACCAGTGGCGAAGGCGGCCTGCTGGACATTAACTGACGCTGAGGCGCGAAAGCGTGGGGAGCAAACAGG	0	0	24	0	0	8	0	22	0	36	34	0	0	0	0	0	0	0	0	0	0	0	0	39	0	32	0	0	0	51	5	0	0	0	57	0	
TACGTAGGGAGCAAGCGTTATCCGGATTTATTGGGTGTAAAGGGTGCGTAGACGGGAAGGCAAGTTGGTTGTGAAATCCCTCGGCTTAACTGAGGAACTGCAACCAAAACTATCTTTCTTGAGTGCTGGAGAGGAAAGTGGAATTCCTAGTGTAGCGGTGAAATGCGTAGATATTAGGAGGAACACCAGTGGCGAAGGCGACTTTCTGGACAGTAACTGACGTTGAGGCACGAAAGTGTGGGGAGCAAACAGG	0	19	0	0	0	91	0	0	49	0	26	35	44	0	0	54	68	0	0	45	64	0	0	0	75	0	0	0	138	46	114	0	51	0	0	0	
TACGGAGGGTGCGAGCGTTAATCGGAATCACTGGGCGTAAAGCGCGCGTAGGCGGCTTTTCAAGTCAGGGGTGAAATCCCACGGCCCAACCGTGGAACTGCCTTTGAAACTGTAGAGCTTGAGTGTCGGAGAGGGTGGCGGAATTCCAGGTGTAGGAGTGAAATCCGTAGATATCTGGAGGAACACCGGTGGCGAAGGCGGCCACCTGGACGACAACTGACGCTGAGGTGCGAAAGCGTGGGTAGCAAACAGG	10	41	0	0	39	0	30	8	0	9	10	0	0	3	0	0	0	7	15	0	16	29	0	0	0	0	12	0	0	73	0	0	0	0	31	12	
TACGTAGGGGGCAAGCGTTATCCGGATTTACTGGGTGTAAAGGGAGCGTAGACGGCTGTGCAAGCCAGATGTGAAAGCCCGGGGCTCAACCCCGGGACTGCATTTGGAACTGCGTGGCTTGAGTGTCGGAGAGGCAGGCGGAATTCCTAGTGTAGCGGTGAAATGCGTAGATATTAGGAGGAACACCAGTGGCGAAGGCGGCCTGCTGGACGATGACTGACGTTGAGGCTCGAAAGCGTGGGGAGCAAACAGG	0	0	37	127	0	0	0	0	0	0	0	0	0	0	0	0	0	0	0	0	0	0	0	0	70	0	0	0	0	58	58	0	0	0	0	0	
TACGTAGGGGGCAAGCGTTATCCGGATTTACTGGGTGTAAAGGGAGCGTAGACGGCGATGCAAGCCAGATGTGAAAGCCCGGGGCTCAACCCCGGGACTGCATTTGGAACTGTGTGGCTGGAGTGTCGGAGAGGCAGGCGGAATTCCTAGTGTAGCGGTGAAATGCGTAGATATTAGGAGGAACACCAGTGGCGAAGGCGGCCTGCTGGACGATGACTGACGTTGAGGCTCGAAAGCGTGGGGAGCAAACAGG	0	0	0	0	94	0	0	79	0	0	0	0	0	0	0	0	0	0	0	0	73	0	0	0	16	0	0	0	0	0	0	0	0	0	60	205	
TACGGAGGATGCGAGCGTTATCCGGATTTATTGGGTTTAAAGGGTGCGCAGGCGGAGGCACAAGTCAGCGGTAAAATCGCGGGGCTCAACCCCGCTCCGCCGTTGAAACTGTGTCCCTTGAGTGCGCGAAGGGTAGGCGGAATGCGTGGTGTAGCGGTGAAATGCATAGATATCACGCAGAACTCCGATCGCGAAGGCAGCCTACCGGCGCGCTACTGACGCTCATGCACGAAAGCGTGGGTATCGAACAGG	0	0	64	0	0	0	44	0	46	54	0	60	0	47	0	0	0	0	0	0	0	0	36	0	40	0	0	57	57	68	0	0	70	193	78	0	
TACGGGGGGTGCAAGCGTTGTCCGGAATCATTGGGCGTAAAGCGTTCGTAGGCGGCAAGGTAAGTCTGATGTTAAAGCCCGGGGCTCAACTCCGGTTCGGCATTGGATACTATCTAGCTAGAATGTGGTAGAGGTAAAGGGAATTCCTGGTGTAGCGGTGAAATGCGTAGATATCAGGAGGAACATCGGTGGCGAAAGCGCTTTACTGGACCATTATTGACGCTGAGGAACGAAAGCCAGGGGAGCAAATGGG	22	32	0	8	36	30	35	20	34	0	0	15	0	0	0	0	12	5	21	28	4	0	6	27	9	0	13	0	4	39	17	13	0	0	29	0	
TACGTATGGGGCAAGCGTTATCCGGATTTACTGGGTGTAAAGGGAGCGTAGGCGGCCTGGCAAGCCTGATGTGAAATACCGGGGCCCAACCCCGGGGCTGCATTGGGAACTGCCAGGCTGGAGTGCCGGAGAGGCAGGCGGAATTCCTAGTGTAGCGGTGAAATGCGTAGATATTAGGAGGAACACCAGTGGCGAAGGCGGCCTGCTGGACGGTGACTGACGCTGAGGCTCGAAAGCGTGGGGAGCAAACAGG	0	0	0	0	0	0	0	0	0	23	0	0	0	0	0	0	0	0	0	40	0	46	0	0	29	0	13	0	0	0	0	23	0	0	0	0	
TACGTAGGTGGCAAGCGTTATCCGGATTTACTGGGTGTAAAGGGCGTGTAGGCGGGACTGCAAGTCAGATGTGAAAATTATGGGCTCAACCCATAACCTGCATTTGAAACTGTAGTTCTTGAGTGATGGAGAGGCAGGCGGAATTCCGTGTGTAGCGGTGAAATGCGTAGATATACGGAGGAACACCAGTGGCGAAGGCGGCCTGCTGGACATTAACTGACGCTGAGGCGCGAAAGCGTGGGGAGCAAACAGG	15	30	0	0	45	0	12	28	18	31	0	0	23	0	0	0	0	0	34	20	17	15	0	0	0	0	19	20	0	81	0	0	0	0	0	27	
TACGTAGGTGGCAAGCGTTGTCCGGATTTACTGGGTGTAAAGGGCGTGTAGCCGGGTTGACAAGTCAGATGTGAAATCCTGCGGCTTAACCGCAGAACTGCATTTGAAACTGTTGATCTTGAGTACTGGAGAGGCAGACGGAATTCCTAGTGTAGCGGTGAAATGCGTAGATATTAGGAGGAACACCAGTGGCGAAGGCGGTCTGCTGGACAGCAACTGACGGTGAGGCGCGAAAGCGTGGGGAGCAAACAGG	0	31	0	0	23	0	22	29	14	19	19	0	0	0	0	16	0	0	44	5	0	57	0	23	22	0	0	0	0	15	0	0	0	0	18	15	
TACGTAGGAGGCAAGCGTTATCCGGAATGACTGGGCGTAAAGGGTGCGTAGGTGGTTTGACAAGTTGGTAGCGTAACTCCGGGGCTCAACCTCGGCACTACTACCAAAACTGTTGGACTTGAGTGCAGGAGGGGCAAATGGAATTCCTAGTGTAGCGGTGGAATGCGTAGATATTAGGAGGAACACCAGTGGCGAAGGCGATTTGCTGGACTGTAACTGACACTGAGGCACGAAAGCGTGGGGAGCAAACAGG	0	0	32	0	0	17	46	0	0	80	0	0	0	0	0	0	81	44	71	0	0	45	0	0	19	0	0	0	0	105	0	29	0	0	0	0	
TACGTAGGGGGCAAGCGTTATCCGGATTTACTGGGTGTAAAGGGAGCGTAGACGGCGATGCAAGCCAGATGTGAAAGCCCGCGGCTCAACTGCGGTAGTGCATTTGGAACTGTATGGCTGGAGTGCAGGAGAGGCAGGCGGAATTCCTAGTGTAGCGGTGAAATGCGTAGATATTAGGAGGAACACCAGTGGCGAAGGCGGCCTGCTGGACTGTAACTGACGTTGAGGCTCGAAAGCGTGGGGAGCAAACAGG	0	81	11	0	19	0	0	0	0	25	43	0	0	0	0	0	0	0	29	0	0	0	0	0	54	0	0	0	0	0	0	0	0	0	0	0	
TACGGAGGATGCGAGCGTTATCCGGATTTATTGGGTTTAAAGGGTGCGTAGGTTGTTTTTTAAGTCAGCGGTGAAAGTTTGTGGCTCAACCATAAAATTGCCGTTGAAACTGGAAGACTTGAGTGTGTTTGAGGTAGGCGGAATGCGTGGTGTAGCGGTGAAATGCATAGATATCACGCAGAACTCCGATTGCGAAGGCAGCTTACTAAACCATAACTGACACTGAAGCACGAAAGCGTGGGGATCAAACAGG	155	0	0	0	0	0	35	0	0	0	109	0	0	0	0	0	0	0	0	0	0	0	40	69	0	11	0	0	0	0	25	0	14	224	0	0	
TACGTAGGGGGCGAGCGTTATCCGGATTCACTGGGTGTAAAGGGAGCGTAGACGGCCGATCAAGTCTGGAGTGAAAGCCCGGGGCCCAACCCCGGGACTGCTCTGGAAACTGGTGGGCTAGAGTGCTGGAGAGGTAAGTGGAATTCCTAGTGTAGCGGTGAAATGCGTAGATATTAGGAGGAACACCAGTGGCGAAGGCGGCTTACTGGACAGTGACTGACGTTGAGGCTCGAAAGCGTGGGGAGCAAACAGG	17	15	0	0	28	0	0	0	0	22	0	0	0	0	0	0	0	0	0	0	0	0	0	0	22	0	0	25	0	18	0	0	0	0	35	0	
TACGTAGGGGGCGAGCGTTATCCGGATTTACTGGGTGTAAAGGGAGCGTAGACGGTTTTTCAAGTCTGAAGTGAAAGCCCGCGGCTCAACTGCGGAACGGCTTTGGAAACTGAGGGACTAGAGTGCTGGAGGGGCAGGCGGAATTCCTGGTGTAGCGGTGAAATGCGTAGATATCAGGAGGAACACCGGTGGCGAAGGCGGCCTGCTGGACAGTAACTGACGTTGAGGCTCGAAAGCGTGGGGAGCAAACAGG	0	39	0	0	17	0	0	0	0	18	0	0	24	19	5	0	68	0	22	20	0	18	15	0	0	0	0	0	0	36	13	31	14	0	0	0	
TACGTAGGGAGCGAGCGTTGTCCGGAATTACTGGGTGTAAAGGGAGCGTAGGCGGGACGGCAAGTCAGATGTGAAAACTGAGGGCTCAACCTTCAGACTGCATTTGAAACTGCTGTTCTTGAGTGAAGTAGAGGTAAGCGGAATTCCTAGTGTAGCGGTGAAATGCGTAGATATTAGGAGGAACATCGGTGGCGAAGGCGGCTTACTGGGCTTTTACTGACGCTGAGGCTCGAAAGCGTGGGGAGCAAACAGG	0	0	0	6	15	22	173	0	42	0	19	0	0	0	0	19	46	0	26	0	0	11	0	0	57	0	0	0	0	12	0	0	0	0	61	0	
TACGTAGGTGGCAAGCGTTATCCGGATTTACTGGGTGTAAAGGGCGTGTAGGCGGGAAAGCAAGTCAGATGTGAAAACCACGGGCTCAACCTGTGGCCTGCATTTGAAACTGTTTTTCTTGAGTACTGGAGAGGCAGACGGAATTCCTAGTGTAGCGGTGAAATGCGTAGATATTAGGAGGAACACCAGTGGCGAAGGCGGTCTGCTGGACAGCAACTGACGCTGAGGCGCGAAAGCGTGGGGAGCAAACAGG	0	0	0	0	0	0	0	48	38	0	0	0	37	0	0	0	30	0	0	0	0	0	32	0	0	0	0	56	0	58	88	35	0	0	0	0	
TACGTAGGGGGCAAGCGTTATCCGGATTTACTGGGTGTAAAGGGAGCGTAGACGGCTGTGCAAGTCTGAAGTGAAAGCCCAGGGCTCAACCCTGGGACTGCTTTGGAAACTGTGGAGCTAGAGTGCTGGAGAGGTAAGTGGAATTCCTAGTGTAGCGGTGAAATGCGTAGATATTAGGAGGAACACCAGTGGCGAAGGCGGCTTACTGGACAGTAACTGACGTTGAGGCTCGAAAGCGTGGGGAGCAAACAGG	0	0	0	0	37	0	0	0	0	0	61	0	0	0	0	0	0	0	0	0	19	0	0	0	25	0	0	62	0	0	0	17	0	16	36	0	
TACGTAGGGGGCAAGCGTTATCCGGATTTACTGGGTGTAAAGGGAGCGTAGACGGCAATACAAGTCGGAAGTGAAATGCCCGGGCTCAACCTGGGAACTGCTTTGGAAACTGTATGGCTAGAGTGCTGGAGAGGTAAGCGGAATTCCTAGTGTAGCGGTGAAATGCGTAGATATTAGGAGGAACACCAGTGGCGAAGGCGGCTTACTGGACAGTAACTGACGTTGAGGCTCGAAAGCGTGGGGAGCAAACAGG	0	18	0	0	0	13	0	12	0	15	33	15	19	0	0	0	0	14	0	0	0	21	0	19	0	0	0	25	0	0	0	0	0	0	0	17	
TACGAAGGGGGCAAGCGTTGTTCGGAATTACTGGGCGTAAAGGGAGTGTAGGCGGTTTAGTAAGATAGTGGTGAAATCCCAGAGCTTAACTTTGGAATTGCCATTATAACTATTAGACTAGAATTACAGAGAGGATAGTGGAATACCCAGTGTAGAGGTGAAATTCGTAGATATTGGGTAGAACACCAGTGGCGAAGGCGACTATCTGGCTGTACATTGACGCTGAGGCTCGAAAGCATGGGGATCAAACAGG	157	0	0	0	81	88	0	0	0	0	0	3	0	0	0	27	14	0	6	35	29	0	27	5	3	7	7	0	3	0	7	0	26	8	11	0	
TACGTAGGGGGCAAGCGTTATCCGGATTTACTGGGTGTAAAGGGAGCGTAGACGGCATGGCAAGTCTGATGTGAAAACCCGGGGCTCAACCCCGGGACTGCATTGGAAACTGTCAGGCTAGAGTGTCGGAGAGGCAAGTGGAATTCCTAGTGTAGCGGTGAAATGCGTAGATATTAGGAGGAACACCAGTGGCGAAGGCGGCTTGCTGGACGATGACTGACGTTGAGGCTCGAAAGCGTGGGGAGCAAACAGG	0	0	32	17	0	0	0	0	0	0	0	18	225	0	0	0	0	16	0	0	0	28	50	0	0	0	0	0	0	0	0	0	0	0	0	0	
TACGTAGGTGGCAAGCGTTATCCGGATTTATTGGGTGTAAAGGGCGTGTAGGCGGGAAAGCAAGTCAGATGTGAAAACTATGGGCTCAACCCATAGCCTGCATTTGAAACTGTTTTTCTTGAGTGCTGGAGAGGCAATCGGAATTCCGTGTGTAGCGGTGAAATGCGTAGATATACGGAGGAACACCAGTGGCGAAGGCGGATTGCTGGACAGTAACTGACGCTGAGGCGCGAAAGCGTGGGGAGCAAACAGG	38	0	0	0	0	0	0	66	0	0	0	0	0	0	0	0	0	0	0	0	0	0	0	0	0	0	0	0	0	23	0	0	58	0	43	0	
TACGTATGGTGCAAGCGTTATCCGGATTTACTGGGTGTAAAGGGAGCGCAGGCGGCGCGTTAAGCCTGGTGTGAAAGCCCGCGGCCCAACCGCGGGACTGCATTGGGAACTGGCGCGCTGGAGTGCCGGAGGGGTAGGCGGAATTCCTAGTGTAGCGGTGAAATGCGTAGATATTAGGAGGAACACCAGTGGCGAAGGCGGCCTACTGGACGGTGACTGACGCTGAGGCTCGAAAGCGTGGGGAGCAAACAGG	0	0	0	0	0	0	27	25	0	0	15	0	0	19	0	0	0	26	0	0	0	32	0	0	0	0	0	0	0	0	0	20	0	0	27	0	
TACGTAGGTGGCAAGCGTTGTCCGGAATTACTGGGTGTAAAGGGAGCGTAGGCGGGAAGCCAAGTCAGCTGTGAAAACTACGGGCTTAACCTGTAGACTGCAGTTGAAACTGGCTTTCTTGAGTGAAGTAGAGGTTGGCGGAATTCCGAGTGTAGCGGTGAAATGCGTAGATATTCGGAGGAACACCGGTGGCGAAGGCGGCCAACTGGGCTTTAACTGACGCTGAGGCTCGAAAGTGTGGGGAGCAAACAGG	0	0	0	0	30	0	118	0	0	0	60	0	0	0	4	157	0	22	0	226	0	35	0	0	19	0	0	0	0	0	0	0	0	0	0	0	
TACGTAGGGGGCAAGCGTTATCCGGATTTACTGGGTGTAAAGGGAGCGTAGGCGGCGATGCAAGTCAGAAGTGAAAGCCCGGGGCTCAACTCCGGGACTGCTTTTGAAACTGTGTTGCTAGATTGCAGGAGAGGTAAGTGGAATTCCTAGTGTAGCGGTGAAATGCGTAGATATTAGGAGGAACACCAGTGGCGAAGGCGGCTTACTGGACTGTAAATGACGCTGAGGCTCGAAAGCGTGGGGAGCAAACAGG	0	0	9	0	7	0	0	0	0	48	117	0	0	35	0	23	15	16	22	0	14	23	17	0	0	0	0	0	0	0	0	0	0	0	0	0	
TACGTAGGGGGCAAGCGTTATCCGGATTTACTGGGTGTAAAGGGAGCGTAGACGGCGAAGAAAGTCTGAAGTGAAAGCCCGCGGCTCAACCGCGGAACTGCTTTGGAAACTTTTTTGCTGGAGTACCGGAGAGGTAAGCGGAATTCCTAGTGTAGCGGTGAAATGCGTAGATATTAGGAGGAACACCAGTGGCGAAGGCGGCTTACTGGACGGTAACTGACGTTGAGGCTCGAAAGCGTGGGGAGCAAACAGG	40	32	0	0	22	0	0	21	0	0	0	0	0	0	0	0	0	0	0	0	0	28	0	0	0	0	0	37	0	0	0	17	0	11	0	27	
TACGTATGGTGCAAGCGTTATCCGGATTTACTGGGTGTAAAGGGAGCGCAGGCGGCACGGCAAGCCTGATGTGAAAGCCCGCGGCCCAACCGCGGGACTGCATTGGGAACTACCGGGCTGGAGTGCCGGAGAGGTAGGCGGAATTCCTAGTGTAGCGGTGAAATGCGTAGATATTAGGAGGAACACCAGTGGCGAAGGCGGCCTACTGGACGGTGACTGACGCTGAGGCTCGAAAGCGTGGGGAGCAAACAGG	0	0	19	0	22	0	0	23	53	0	0	10	0	0	0	0	0	0	0	0	0	0	0	0	23	0	0	64	0	0	0	0	0	23	16	50	
TACGTAGGGAGCAAGCGTTGTCCGGAATTACTGGGTGTAAAGGGAGCGTAGGCGGGGATGCAAGTTGGGTGTCAAAACTACCGGCTCAACCGATAGTCGCACTCAAAACTGCAGCTCTTGAGTGAAGTAGAGGCAGGCGGAATTCCTAGTGTAGCGGTGAAATGCGTAGATATTAGGAGGAACACCAGTGGCGAAGGCGGCCTGCTGGGCTTTTACTGACGCTGAGGCTCGAAAGTGTGGGGAGCAAACAGG	16	51	0	0	39	0	0	0	0	0	0	0	0	0	0	0	0	0	0	0	13	0	14	0	0	20	0	32	0	0	0	0	0	0	0	0	
TACGTAGGTGGCAAGCGTTATCCGGAATTACTGGGTGTAAAGGGTGTGTAGGCGGGGCTGCAAGTCAGATGTGAAAATTATGGGCTCAACCCATAACCTGCGTCTGAAACTGTAGCTCTTGAGAGTGGGAGAGGTAAACGGAATTCCCGGTGTAGCGGTGAAATGCGTAGATATCGGGAGGAACACCAGTGGCGAAGGCGGTTTACTGGACCACAACTGACGCTGAGACACGAAAGCGTGGGGAGCAAACAGG	37	0	0	10	11	27	10	5	0	0	16	17	0	0	0	0	0	0	9	12	42	0	13	15	46	9	40	0	0	0	5	0	10	23	0	11	
TACGTAGGGAGCAAGCGTTATCCGGATTTACTGGGTGTAAAGGGCGAGTAGGCGGGCTGGCAAGTTGGGAGTGAAATCCCGGGGCTTAACCCCGGAACTGCTTTCAAAACTGCTGGTCTTGAGTGATGGAGAGGCAGGCGGAATTCCGTGTGTAGCGGTGAAATGCGTAGATATACGGAGGAACACCAGTGGCGAAGGCGGCCTGCTGGACATTAACTGACGCTGAGGAGCGAAAGCGTGGGGAGCAAACAGG	0	0	0	0	0	0	0	0	0	0	0	0	0	16	0	0	15	9	21	0	0	21	0	0	0	0	0	0	0	0	0	0	0	0	0	0	
TACGTAGGTGGCAAGCGTTATCCGGATTTATTGGGTGTAAAGGGCGTGTAGGCGGGAAAGCAAGTCAGATGTGAAAACTCAGGGCTCAACCCTGAGCCTGCATTTGAAACTGTTTTTCTTGAGTGCTGGAGAGGCAATCGGAATTCCGTGTGTAGCGGTGAAATGCGTAGATATACGGAGGAACACCAGTGGCGAAGGCGGATTGCTGGACAGTAACTGACGCTGAGGCGCGAAAGCGTGGGGAGCAAACAGG	0	0	0	0	0	0	0	41	0	0	15	0	30	0	0	0	0	0	0	0	0	0	0	24	0	0	0	50	0	0	0	0	0	22	60	0	
TACGTAGGGGGCAAGCGTTATCCGGATTTACTGGGTGTAAAGGGAGCGTAGACGGCAAGACAAGCCTGGAGTGAAAGGCGGGGGCCCAACCCCCGGACTGCTCTGGGAACTGTCTGGCTGGAGTGCAGGAGGGGTAAGTGGAATTCCTAGTGTAGCGGTGAAATGCGTAGATATTAGGAGGAACACCAGTGGCGAAGGCGGCTTACTGGACTGTAACTGACGTTGAGGCTCGAAAGCGTGGGGAGCAAACAGG	0	0	0	0	0	0	0	38	0	49	0	0	0	46	45	0	0	0	0	0	0	0	0	27	29	15	0	0	0	0	0	0	0	0	0	0	
TACGTAGGGGGCAAGCGTTATCCGGATTTACTGGGTGTAAAGGGAGCGTAGGCGGCAAGGTAAGCCAGAAGTGAAAGCCCGCGGCTCAACTGCGGGACTGCTTTTGGAACTATCTAGCTAGATTGCAGGAGAGGTAAGTGGAATTCCTAGTGTAGCGGTGAAATGCGTAGATATTAGGAGGAACACCAGTGGCGAAGGCGGCTTACTGGACTGTAAATGACGCTGAGGCTCGAAAGCGTGGGGAGCAAACAGG	20	0	0	0	0	0	0	51	0	0	39	0	0	17	0	26	0	0	0	0	0	0	0	0	0	0	0	0	0	19	15	0	10	0	26	0	
TACGTAGGGGGCAAGCGTTATCCGGATTTACTGGGTGTAAAGGGAGCGTAGACGGCTGTGCAAGCCAGATGTGAAAGCCCGGGGCTCAACCCCGGGACTGCATTTGGAACTGTGTAGCTGGAGTGTCGGAGAGGCAGGCGGAATTCCTAGTGTAGCGGTGAAATGCGTAGATATTAGGAGGAACACCAGTGGCGAAGGCGGCCTGCTGGACGATGACTGACGTTGAGGCTCGAAAGCGTGGGGAGCAAACAGG	0	0	0	0	0	0	0	0	0	0	0	0	0	0	0	46	0	0	0	29	0	0	0	0	34	0	0	0	0	147	0	0	0	56	0	0	
TACGTAGGGGGCAAGCGTTATCCGGATTTACTGGGTGTAAAGGGAGCGTAGACGGCAGCGCAAGTCTGGAGTGAAATGCCGGGGCCCAACCCCGGAACTGCTCTGGAAACTGTGAAGCTGGAGTGCAGGAGAGGTAAGCGGAATTCCTGGTGTAGCGGTGAAATGCGTAGATATCAGGAGGAACACCGGCGGCGAAGGCGGCTTACTGGACTGTAACTGACGTTGAGGCTCGAAGGCGTGGGGAGCAAACAGG	0	43	0	0	35	0	0	0	0	0	0	0	0	26	0	0	104	0	33	50	0	0	0	19	90	0	0	0	0	0	0	0	0	0	0	0	
TACGGAGGATCCGAGCGTTATCCGGATTTATTGGGTTTAAAGGGAGCGTAGGCGGATTATTAAGTCAGTTGTGAAAGTTTGCGGCTCAACCGTAAAATTGCAGTTGATACTGGTAGTCTTGAGTGCAGCAGAGGTAGGCGGAATTCGTGGTGTAGCGGTGAAATGCTTAGATATCACGAAGAACTCCGATTGCGAAGGCAGCTTACTGGACTGTAACTGACGCTGATGCTCGAAAGTGTGGGTATCAAACAGG	129	0	14	0	0	17	0	0	0	0	34	5	0	0	0	0	22	0	10	10	0	0	6	0	0	0	0	9	0	0	0	0	0	0	0	0	
TACGTAGGTGGCAAGCGTTATCCGGATTTATTGGGTGTAAAGGGCGTGTAGGCGGGAAAGCAAGTCAGATGTGAAAACTCAGGGCTCAACTCTGAGCCTGCATTTGAAACTGTTTTTCTTGAGTGCTGGAGAGGCAATCGGAATTCCGTGTGTAGCGGTGAAATGCGTAGATATACGGAGGAACACCAGTGGCGAAGGCGGATTGCTGGACAGTAACTGACGCTGAGGCGCGAAAGCGTGGGGAGCAAACAGG	0	0	0	0	28	0	0	0	33	0	0	0	0	0	0	0	0	0	42	0	27	0	0	0	0	0	0	0	0	60	0	0	0	0	0	24	
TACGTAGGGGGCAAGCGTTATCCGGATTTACTGGGTGTAAAGGGAGCGTAGACGGCAGAGCAAGTCCGGAGTGAAAGCCCGGGGCCCAACCCCGGGACTGCTCTGGAAACTGTTAAGCTGGAGTGCGGGAGGGGCAGGCGGAATTCCTGGTGTAGCGGTGAAATGCGTAGATATCAGGAGGAACACCGGCGGCGAAGGCGGCCTGCTGGACCGTGACTGACGTTGAGGCTCGAAAGCGTGGGGAGCAAACAGG	16	67	0	0	0	0	0	17	0	0	0	0	0	0	0	0	0	0	0	0	0	0	0	0	14	0	0	0	0	0	42	0	0	0	30	0	
TACGTAGGGGGCAAGCGTTATCCGGATTTACTGGGTGTAAAGGGTGCGTAGGTGGCAGGGCAAGTCAGATGTGAAAGCCCGGGGCTCAACCCCGGTACTGCATTTGAAACTGTCCGGCTGGAGTGCAGGAGAGGTAAGCGGAATTCCTAGTGTAGCGGTGAAATGCGTAGATATTAGGAGGAACACCAGTGGCGAAGGCGGCTTACTGGACTGTAACTGACACTGAGGCACGAAAGCGTGGGGAGCAAACAGG	0	0	0	0	0	0	0	78	105	0	0	0	0	0	0	0	0	0	0	0	0	0	0	0	0	0	0	0	0	74	0	0	0	52	102	0	
TACATAGGGGGCAAGCGTTATCCGGAATTATTGGGTGTAAAGGGTGCGTAGACGGAAGAACAAGTTGGTTGTGAAATCCCTCGGCTCAACTGAGGAACTGCAACCAAAACTATTCTCCTTGAGTGTCGGAGAGGAAAGTGGAATTCCTAGTGTAGCGGTGAAATGCGTAGATATTAGGAGGAACACCAGTGGCGAAGGCGACTTTCTGGACGATAACTGACGTTGAGGCACGAAAGTGTGGGGAGCAAACAGG	0	0	0	0	0	0	0	0	30	0	0	0	0	0	15	0	133	0	0	0	0	0	0	0	0	203	0	0	0	35	0	0	14	0	0	0	
TACGTAGGGGGCGAGCGTTATCCGGATTCATTGGGCGTAAAGCGCGCGCAGGCGGGTTGCTAAGCGGGACCTCTAATCTCAGGGCTCAACCTTGAGCCGGGTCCCGAACTGGCAGCCTCGGGTTCGGTAGGGGAGATCGGAATTCCCGGTGTAGCGGTGGAATGCGCAGATATCGGGAAGAACACCGATGGCGAAGGCAGATCTCTGGGCCGCAACCGACGCTGAGGCGCGAAAGCTAGGGGAGCGAACAGG	0	6	0	0	0	8	0	0	0	14	0	0	0	0	0	42	0	0	13	0	9	0	0	0	0	0	0	0	0	0	0	0	0	0	0	0	
TACGTAGGGGGCAAGCGTTATCCGGATTTACTGGGTGTAAAGGGAGCGTAGGTGGCATGGTAAGCCAGAAGTGAAAACCCAGGGCTCAACTCTGTGGATTGCTTTTGGAACTATCAAGCTAGAGTGCTGGAGGGGTAAGCGGAATTCCTAGTGTAGCGGTGAAATGCGTAGATATTAGGAGGAACACCGGTGGCGAAGGCGGCTTACTGGACAGAAACTGACACTGAGGCTCGAAAGCGTGGGGAGCAAACAGG	0	19	0	0	16	0	0	0	0	21	13	13	33	9	9	0	0	0	0	0	0	0	0	0	11	0	0	0	0	29	0	0	12	0	20	0	
TACGTAGGGGGCGAGCGTTATCCGGATTTACTGGGTGTAAAGGGAGCGTAGACGGTTAATCAAGTCTGAAGTGAAAGCCCGCGGCTCAACTGCGGAACGGCTTTGGAAACTGAGTAACTGGAGTGCTGGAGGGGCAGGCGGAATTCCTGGTGTAGCGGTGAAATGCGTAGATATCAGGAGGAACACCGGTGGCGAAGGCGGCCTGCTGGACAGTAACTGACGTTGAGGCTCGAAAGCGTGGGGAGCAAACAGG	0	21	0	0	0	0	0	0	0	0	0	0	17	18	0	0	57	0	19	13	0	0	0	0	0	0	0	0	0	19	11	27	0	0	0	0	
TACGTATGGTGCAAGCGTTATCCGGATTTACTGGGTGTAAAGGGAGCGCAGGCGGCGCGCTAAGTCTGATGTGAAAGCCCGGGGCTCAACCGCGGGACTGCATTGGAAACTGGCGCGCTGGAGTGCCGGAGAGGTAAGCGGAATTCCTAGTGTAGCGGTGAAATGCGTAGATATTAGGAGGAACACCAGTGGCGAAGGCGGCTTACTGGACGGTGACTGACGCTGAGGCTCGAAAGCGTGGGGAGCAAACAGG	0	0	0	0	0	0	0	44	0	0	16	0	0	0	0	42	0	0	0	0	0	0	0	0	0	0	0	0	0	0	0	0	85	0	49	0	
TACGTAGGTGGCAAGCGTTATCCGGATTTACTGGGTGTAAAGGGCGTGTAGGCGGGAGAGCAAGTCAGACGTGAAATTCCAGGGCTCAACCCTGGAACTGCGTTTGAAACTGTTCTTCTTGAGTGATGGAGAGGCAGGCGGAATTCCGTGTGTAGCGGTGAAATGCGTAGATATACGGAGGAACACCAGTGGCGAAGGCGGCCTGCTGGACATTAACTGACGCTGAGGCGCGAAAGCGTGGGGAGCAAACAGG	33	19	0	0	0	0	0	0	0	0	0	0	0	15	0	0	0	0	0	0	0	26	0	19	23	0	0	0	20	35	0	0	21	0	39	0	
TACGTAGGGGGCGAGCGTTGTCCGGAATGACTGGGCGTAAAGGGAGTGTAGGCGGCATATTAAGTTATGTGTGAAAGCCCGCGGCTCAACCGCGGAATTGCACATAAAACTGGTAAGCTGGAGTGCAGGAGAGGTAAGTGGAATTCCCGGTGTAGCGGTGGAATGCGTAGATATCGGGAGGAACACCAGAGGCGAAGGCGACTTACTGGACTGTAACTGACGCTGAGGCTCGAAAGCGTGGGGAGCAAACAGG	0	0	5	8	0	0	0	0	0	0	0	0	0	0	0	0	0	59	0	0	9	0	0	5	12	10	0	9	0	0	0	0	3	0	0	47	
TACGTAGGTGGCAAGCGTTGTCCGGATTTACTGGGTGTAAAGGGCGTGCAGCCGGGAGTGCAAGTCAGATGTGAAATCCCGCGGCTCAACCGCGGAACTGCATTTGAAACTGTGCTTCTTGAGTGCTGGAGAGGCAGACGGAATTCCTAGTGTAGCGGTGAAATGCGTAGATATTAGGAGGAACACCAGTGGCGAAGGCGGTCTGCTGGACAGTAACTGACGGTGAGGCGCGAAAGCGTGGGGAGCAAACAGG	0	0	0	0	29	0	0	27	6	10	0	0	0	0	0	0	0	0	23	0	0	20	0	0	0	0	0	0	0	23	29	0	0	0	16	0	
TACGTATGGTGCAAGCGTTATCCGGATTTACTGGGTGTAAAGGGAGCGCAGGCGGCACGCTAAGCCTGATGTGAAAACCCGCGGCCCAACCGCGGGAGTGCATTGGGAACTGGCGGGCTGGAGTACCGGAGGGGCAGGCGGAATTCCTAGTGTAGCGGTGAAATGCGTAGATATTAGGAGGAACACCAGTGGCGAAGGCGGCCTGCTGGACGGAGACTGACGCTGAGGCTCGAAAGCGTGGGGAGCAAACAGG	0	0	0	0	0	0	0	21	0	0	0	0	36	0	0	0	0	0	0	0	0	23	0	0	0	0	0	21	0	13	0	0	0	33	18	0	
TACGTAGGTGGCAAGCGTTATCCGGATTTACTGGGTGTAAAGGGCGAGTAGGCGGGATTGCAAGTCAGATGTGAAAACTATGGGCTCAACCGATAGAGTGCATTTGAAACTGCAGTTCTTGAGTGATGGAGAGGCAGGCGGAATTCCCGGTGTAGCGGTGGAATGCGTAGATATCGGGAGGAACACCAGTGGCGAAGGCGGCCTGCTGGACATTAACTGACGCTGAGGCGCGAAAGCGTGGGGAGCAAACAGG	0	21	0	0	0	0	0	0	0	0	0	0	0	0	0	0	0	0	14	0	0	17	0	0	0	0	0	0	0	43	0	0	0	0	34	0	
TACGTAGGGAGCGAGCGTTGTCCGGATTTACTGGGTGTAAAGGGCGTGCAGCCGGGAGTACAAGTCAGATGTGAAATCCCGCGGCTCAACCGCGGAACTGCATTTGAAACTGTATTTCTTGAGTACTGGAGAGGCAGACGGAATTCCTAGTGTAGCGGTGAAATGCGTAGATATTAGGAGGAACACCAGTGGCGAAGGCGGTCTGCTGGACAGCAACTGACGGTGAGGCGCGAAAGCGTGGGGAGCAAACAGG	0	23	0	0	0	0	0	20	0	0	18	0	0	0	0	0	0	0	42	0	0	32	0	0	0	0	0	0	0	0	23	0	0	0	22	0	
TACGTAGGTGGCAAGCGTTGTCCGGATTTACTGGGTGTAAAGGGCGTGCAGCCGGAGAGGCAAGTCAGATGTGAAATCCGCGGGCTCAACCCGCGAACTGCATTTGAAACTGCTTCCCTTGAGTATCGGAGAGGTAACCGGAATTCCTAGTGTAGCGGTGAAATGCGTAGATATTAGGAAGAACACCAGTGGCGAAGGCGGGTTACTGGACGACAACTGACGGTGAGGCGCGAAAGCGTGGGGAGCAAACAGG	0	21	0	0	24	0	0	0	0	0	0	0	0	0	0	0	0	0	25	0	0	0	0	25	28	0	0	0	0	69	0	0	0	0	0	0	
TACGTAGGTGACAAGCGTTGTCCGGATTTACTGGGTGTAAAGGGCGCGTAGGCGGATGTGCAAGTCAGTCGTGAAATACCGGGGCTCAACCCCGGGGCTGCGATTGAAACTGCACACCTTGAGTATCGGAGAGGAAAGCGGAATTCCTAGTGTAGCGGTGAAATGCGTAGATATTAGGAGGAACACCAGTGGCGAAGGCGGCTTTCTGGACGACAACTGACGCTGAGGCGCGAAAGTGTGGGGAGCAAACAGG	0	0	0	0	0	13	0	12	0	10	0	0	20	0	0	0	10	0	10	0	0	36	0	0	33	0	0	19	0	0	35	0	26	0	9	0	
TACGTAGGGGGCAAGCGTTGTCCGGAATTATTGGGCGTAAAGAGTACGTAGGCGGTCTGTTAAGCGCAAGGTGAAAGGCATAGGCTCAACCAATGTGAGCCTTGCGAACTGGCAGACTTGAGTGCAGGAGAGGAAAGCGGAATTCCTAGTGTAGCGGTGAAATGCGTAGATATTAGGAGGAACACCGGTGGCGAAGGCGGCTTTCTGGACTGAAACTGACGCTGAGGTACGAAAGCGTGGGGAGCAAACAGG	0	0	0	0	11	0	5	0	7	0	0	0	5	0	0	0	0	0	10	8	0	0	0	0	0	0	0	9	0	25	5	0	0	0	8	0	
TACGTAGGGGGCGAGCGTTATCCGGATTTATTGGGCGTAAAGGGTGTGTAGGCGGTTTGTTAAGTCTAAAATCAAAGCCCGAGGCTTAACCTCGGTTCGTTTTAGAAACTGGCAAACTAGAGTGCAGTAGAGGCAAGTGGAATTTCTAGTGTAGCGGTTAAATGCGTAGATATTAGAAGGAACACCAGTGGCGAAGGCGGCTTGCTGGGCTGCAACTGACGCTGAGACACGAAAGCGTGGGGAGCAAATAGG	8	0	0	11	0	116	0	0	7	10	0	0	0	7	13	0	0	8	0	17	10	0	7	8	0	7	0	3	0	10	47	26	13	21	41	0	
TACGTAGGGGGCAAGCGTTATCCGGATTTACTGGGTGTAAAGGGAGCGTAGACGGCAGAGAAAGTCTGAAGTGAAAGCCCGCGGCTCAACCGCGGAACTGCTTTGGAAACTTTTCGGCTAGAGTACCGGAGAGGTAAGCGGAATTCCTAGTGTAGCGGTGAAATGCGTAGATATTAGGAGGAACACCAGTGGCGAAGGCGGCTTACTGGACGGTAACTGACGTTGAGGCTCGAAAGCGTGGGGAGCAAACAGG	0	0	0	0	0	0	0	0	15	14	25	0	0	13	0	0	0	0	0	0	0	0	0	0	0	0	0	0	0	0	16	0	0	0	17	0	
TACGTAGGTGGCAAGCGTTGTCCGGATTTACTGGGTGTAAAGGGCGTGCAGCCGGAGAGACAAGTCAGATGTGAAATCCACGGGCTCAACCCGTGAACTGCATTTGAAACTGTTTCCCTTGAGTGTCGGAGAGGTCATCGGAATTCCTTGTGTAGCGGTGAAATGCGTAGATATAAGGAAGAACACCAGTGGCGAAGGCGGATGACTGGACGATAACTGACGGTGAGGCGCGAAAGCGTGGGGAGCAAACAGG	0	0	0	0	0	0	26	0	27	0	27	0	0	0	0	0	0	0	0	0	0	0	0	25	0	0	0	0	0	85	0	0	0	0	0	0	
TACATAGGGAGCAAGCGTTATCCGGAATTATTGGGTGTAAAGGGTGCGTAGACGGAGGAACAAGTTAGTTGTGAAATCCCTCGGCTTAACTGAGGAACTGCAACTAAAACTATTCCCCTTGAGTGTCGGAGAGGAAAGTGGAATTCCTAGTGTAGCGGTGAAATGCGTAGATATTAGGAGGAACACCAGTGGCGAAGGCGACTTTCTGGACGATAACTGACGTTGAGGCACGAAAGTGTGGGGAGCAAACAGG	0	0	0	0	0	0	34	0	0	0	19	24	40	0	0	102	0	13	0	0	49	0	54	10	0	0	0	0	0	0	0	0	0	0	0	0	
TACGTATGGAGCAAGCGTTATCCGGATTTACTGGGTGTAAAGGGAGCGTAGGCGGTAAGGCAAGTCTGATGTGAAAGGCCAGGGCTCAACCCTGGGACTGCATTGGAAACTGTTTAACTGGAGTGTCGGAGAGGCAAGTGGAATTCCTAGTGTAGCGGTGAAATGCGTAGATATTAGGAGGAACACCAGTGGCGAAGGCGGCTTGCTGGACGATGACTGACGCTGAGGCTCGAAAGCGTGGGGAGCAAACAGG	0	11	0	0	15	0	0	0	0	0	16	0	0	0	0	0	0	0	0	0	0	23	0	0	0	0	0	12	0	0	0	0	0	16	0	0	
TACGGAGGGTGCAAGCGTTAATCGGAATTACTGGGCGTAAAGCGCACGCAGGCGGTTTGTTAAGTCAGATGTGAAATCCCCGGGCTCAACCTGGGAACTGCATCTGATACTGGCAAGCTTGAGTCTCGTAGAGGGGGGTAGAATTCCAGGTGTAGCGGTGAAATGCGTAGAGATCTGGAGGAATACCGGTGGCGAAGGCGGCCCCCTGGACGAAGACTGACGCTCAGGTGCGAAAGCGTGGGGAGCAAACAGG	0	0	0	0	0	0	0	36	0	0	0	0	0	0	0	13	0	14	33	0	0	0	0	0	0	0	27	0	26	0	0	0	0	0	0	0	
TACGTAGGTGGCAAGCGTTATCCGGATTTACTGGGTGTAAAGGGCGTGTAGGCGGGGAGGCAAGTCAGATGTGAAAACCACGGGCTCAACCTGTGGCCTGCATTTGAAACTGTTTTTCTTGAGTGCTGGAGAGGCAATCGGAATTCCGTGTGTAGCGGTGAAATGCGTAGATATACGGAGGAACACCAGTGGCGAAGGCGGATTGCTGGACAGTAACTGACGCTGAGGCGCGAAAGCGTGGGGAGCAAACAGG	0	0	0	0	0	0	0	15	17	0	17	0	0	0	0	0	0	0	12	0	0	0	0	18	0	0	0	0	0	63	0	0	0	14	34	0	
TACGTAGGGGGCAAGCGTTATCCGGATTTACTGGGTGTAAAGGGAGCGTAGACGGCAGTGCAAGTCCGGAGTGAAAGCCCGGGGCTCAACCCTGGGACTGCTCTGGAAACTGTAAAGCTGGAGTGCGGGAGGGGCAGGCGGAATTCCTGGTGTAGCGGTGAAATGCGTAGATATCAGGAGGAACACCGGCGGCGAAGGCGGCCTGCTGGACCGTAACTGACGTTGAGGCTCGAAAGCGTGGGGAGCAAACAGG	0	0	0	0	0	0	0	0	0	37	0	0	0	0	0	0	29	0	57	0	0	26	0	20	0	0	0	0	0	0	0	0	0	0	0	0	
TACGTAGGGGGCAAGCGTTATCCGGAATTACTGGGTGTAAAGGGTGAGTAGGCGGCATGGTAAGCCAGATGTGAAAGCCTTGGGCTTAACCCGAGGATTGCATTTGGAACTATCAAGCTAGAGTACAGGAGAGGAAAGCGGAATTCCTAGTGTAGCGGTGAAATGCGTAGATATTAGGAAGAACACCAGTGGCGAAGGCGGCTTTCTGGACTGAAACTGACGCTGAGGCACGAAAGCGTGGGGAGCGAACAGG	0	16	0	13	0	0	16	0	26	0	0	0	0	8	0	0	0	17	0	0	5	0	0	0	0	0	0	16	0	58	0	0	0	0	7	0	
TACGTAGGGAGCGAGCGTTATCCGGATTTATTGGGTGTAAAGGGTGCGTAGACGGGAAAATAAGTTAGTTGTGAAATCCCTCGGCTCAACTGAGGAACTGCAACTAAAACTATTTTTCTTGAGTGCAGGAGAGGAAAGTGGAATTCCTAGTGTAGCGGTGAAATGCGTAGATATTAGGAGGAACACCAGTGGCGAAGGCGACTTTCTGGACTGTAACTGACGTTGAGGCACGAAAGTGTGGGGAGCAAACAGG	53	0	0	0	0	60	0	0	0	0	0	0	0	0	0	0	0	41	0	42	0	25	0	0	0	0	0	0	0	0	63	0	52	0	42	0	
TACGTAGGAGGCAAGCGTTATCCGGAATGACTGGGCGTAAAGGGTGCGTAGGTGGTTTGATAAGTTGGTAGCGTAATTCCGAGGCTCAACCTCGGCGCTACTACCAAAACTGTCGGACTTGAGTGCAGGAGGGGCAAATGGAATTCCTAGTGTAGCGGTGGAATGCGTAGATATTAGGAGGAACACCAGTGGCGAAGGCGATTTGCTGGACTGTAACTGACACTGAGGCACGAAAGCGTGGGGAGCAAACAGG	0	0	0	0	0	0	0	18	0	0	26	0	0	0	0	17	0	0	0	0	0	0	14	0	0	0	0	0	0	0	19	0	0	0	25	0	
TACGTAGGGAGCGAGCGTTGTCCGGAATTACTGGGTGTAAAGGGAGCGTAGGCGGGGATGCAAGTTGGGTGTTAAATCTACCGGCTCAACTGGTAGTCGCACTCAAAACTGCAGCTCTTGAGTGAAGTAGAGGCAGGCGGAATTCCTAGTGTAGCGGTGAAATGCGTAGATATTAGGAGGAACACCAGTGGCGAAGGCGGCCTGCTGGGCTTTTACTGACGCTGAGGCTCGAAAGTGTGGGGAGCAAACAGG	0	0	0	0	0	0	0	0	0	30	0	0	0	17	0	19	0	0	0	0	0	26	0	0	0	0	0	0	0	0	0	0	0	0	45	18	
TACGTAGGGAGCGAGCGTTGTCCGGAATTACTGGGTGTAAAGGGTGCGTAGGCGGCCTTGCAAGTCAGTCGTGAAATACATGGGCTTAACCCATGGACTGCGATTGAAACTGTAGGGCTTGAGTGAAGTAGAGGCAGGCGGAATTCCCGGTGTAGCGGTGAAATGCGTAGAGATCGGGAGGAACACCAGTGGCGAAGGCGGCCTGCTGGGCTTTAACTGACGCTGAGGCACGAAAGCATGGGTAGCAAACAGG	0	0	0	0	0	0	0	5	65	0	0	0	0	0	0	0	0	0	0	0	0	0	0	0	0	0	0	0	13	88	0	0	8	0	34	24	
TACGTAGGGAGCAAGCGTTGTTCGGAATGACTGGGCGTAAAGGGTGCGTAGGCGGTTGTACAAGTTAGAAGTGAAATACCCAGGGCTTAACTCGGGTGCTGCTTCTAAAACTGTATGACTTGAGTGCAGTAGAGGTTAGTGGAATTCCTAGTGTAGCGGTGGAATGCGTAGATATTAGGAGGAACACCAGAGGCGAAGGCGGCTAACTGGACTGCAACTGACGCTGAGGCACGAAAGTGTGGGGAGCAAACAGG	10	0	0	0	0	6	0	0	24	66	9	0	0	0	7	10	15	7	0	4	12	0	0	12	10	0	0	0	17	37	16	0	3	22	0	0	
TACGTAGGTGGCAAGCGTTGTCCGGATTTACTGGGTGTAAAGGGCGTGTAGCCGGGCTGACAAGTCAGATGTGAAATTCCGGGGCTCAACCCCGGACCTGCATTTGAAACTGTTGGTCTTGAGTATCGGAGAGGCAGGCGGAATTCCTAGTGTAGCGGTGAAATGCGTAGATATTAGGAGGAACACCAGTGGCGAAGGCGGCCTGCTGGACGACAACTGACGGTGAGGCGCGAAAGCGTGGGGAGCAAACAGG	0	18	0	0	0	0	0	25	0	23	0	0	0	0	0	0	0	0	41	11	0	16	0	0	12	0	0	0	0	24	0	0	0	0	19	26	
TACGGAGGATTCAAGCGTTATCCGGATTTATTGGGTTTAAAGGGTGCGTAGGCGGTTTGATAAGTTAGAGGTGAAATACCGGTGCTTAACACCGGAACTGCCTCTAATACTGTTGAGCTAGAGAGTAGTTGCGGTAGGCGGAATGTATGGTGTAGCGGTGAAATGCTTAGAGATCATACAGAACACCGATTGCGAAGGCAGCTTACCAAACTATATCTGACGTTGAGGCACGAAAGCGTGGGGAGCAAACAGG	21	0	21	0	15	0	0	0	17	0	13	17	0	0	0	0	0	0	21	13	27	0	10	0	0	0	24	0	0	17	20	0	0	23	0	0	
TACGTAGGTGGCAAGCGTTGTCCGGAATTACTGGGTGTAAAGGGAGCGTAGGCGGGAAAGCAAGTTGAATGTTTAAGGTACGGGCTCAACCTGTACAAGCGTTCAAAACTGTTTTTCTTGAGTGGAGTAGAGGTAAGCGGAATTCCTAGTGTAGCGGTGAAATGCGTAAATATTAGGAGGAACACCAGTGGCGAAGGCGGCTTACTGGGCTTTAACTGACGCTGAGGCTCGAAAGCGTGGGTAGCAAACAGG	0	0	0	0	0	0	0	10	0	0	16	0	0	0	0	0	13	0	7	0	0	0	0	0	0	0	0	0	0	13	0	0	0	0	19	0	
TACGTAGGTGGCAAGCGTTGTCCGGATTTATTGGGCGTAAAGCGAGCGCAGGCGGTTTCTTAAGTCTGATGTGAAAGCCCCCGGCTCAACCGGGGAGGGTCATTGGAAACTGGGAGACTTGAGTGCAGAAGAGGAGAGTGGAATTCCATGTGTAGCGGTGAAATGCGTAGATATATGGAGGAACACCAGTGGCGAAGGCGGCTCTCTGGTCTGTAACTGACGCTGAGGCTCGAAAGCGTGGGGAGCAAACAGG	0	0	0	0	0	29	0	0	0	0	0	0	0	0	0	20	0	27	32	0	0	0	0	0	0	0	0	7	0	0	0	39	0	0	0	0	
TACGTAGGTGGCAAGCGTTGTCCGGAATTACTGGGTGTAAAGGGAGCGTAGGCGGGAAACCAAGTCAGCTGTGAAAACTACGGGCTTAACCTGTAGACTGCAGTTGAAACTGGTTTTCTTGAGTGAAGTAGAGGTTGGCGGAATTCCGAGTGTAGCGGTGAAATGCGTAGATATTCGGAGGAACACCGGTGGCGAAGGCGGCCAACTGGGCTTTAACTGACGCTGAGGCTCGAAAGTGTGGGGAGCAAACAGG	0	0	0	0	0	0	0	0	26	0	0	0	0	0	0	0	36	0	39	0	0	0	0	176	0	26	0	0	15	0	0	0	0	0	0	0	
TACGTAGGTGACAAGCGTTGTCCGGATTTACTGGGTGTAAAGGGCGCGTAGGCGGACTGTCAAGTCAGTCGTGAAATACCGAAGCTTAACTTCGGGGCTGCGATTGAAACTGACAGCCTTGAGTATCGGAGAGGAAAGCGGAATTCCTAGTGTAGCGGTGAAATGCGTAGATATTAGGAGGAACACCAGTGGCGAAGGCGGCTTTCTGGACGACAACTGACGCTGAGGCGCGAAAGTGTGGGGAGCAAACAGG	0	45	0	0	0	0	38	0	0	0	0	13	22	0	0	0	0	0	17	35	10	0	28	0	0	0	0	0	0	0	0	0	0	0	0	0	
TACGTAGGGGGCGAGCGTTATCCGGATTCACTGGGTGTAAAGGGAGCGTAGACGGCCATGCAAGCCAGGGGTGAAAGCCCGGGGCCCAACCCCGGGACTGCCCTTGGAACTGCATGGCTGGAGTGCGGGAGGGGCAGGCGGAATTCCTGGTGTAGCGGTGAAATGCGTAGATATCAGGAGGAACACCGGCGGCGAAGGCGGCCTGCTGGACCGCGACTGACGTTGAGGCTCGAAAGCGTGGGGAGCGAACAGG	0	0	0	0	0	0	0	0	0	0	0	0	0	0	0	0	0	0	27	0	0	31	0	0	20	0	0	0	0	25	0	0	0	0	27	0	
TACGTAGGGGGCAAGCGTTATCCGGATTTACTGGGTGTAAAGGGAGCGTAGGTGGCATGGCAAGCCAGAAGTGAAAACCCGGGGCTTAACCCCGCGGATTGCTTTTGGAACTGTCAGGCTGGAGTGCAGGAGGGGCAGGCGGAATTCCTGGTGTAGCGGTGAAATGCGTAGATATCAGGAGGAACACCGGTGGCGAAGGCGGCCTGCTGGACTGTAACTGACACTGAGGCTCGAAAGCGTGGGGAGCAAACAGG	0	21	0	0	11	0	16	0	0	0	14	0	0	0	0	0	0	0	21	0	0	0	0	0	0	0	0	0	0	0	14	0	0	0	0	0	
TACGGGGGGTGCAAGCGTTGTCCGGAATCATTGGGCGTAAAGCGTTCGTAGGCGGTATGTCAAGTCTGATGTTAAAGCCCGGGGCTCAACTCCGGTTCGGCATTGGATACTGGCAAACTAGAATGTGGTAGAGGTAAAGGGAATTCCTGGTGTAGCGGTGAAATGCGTAGATATCAGGAGGAACATCGGTGGCGAAAGCGCTTTACTGGACCATTATTGACGCTGAGGAACGAAAGCCAGGGGAGCAAATGGG	23	19	0	0	23	23	26	0	0	25	0	0	0	9	0	0	0	0	21	21	0	20	0	29	0	0	0	0	0	0	0	18	12	0	0	15	
TACGTAGGGAGCAAGCGTTATCCGGATTTACTGGGTGTAAAGGGCGCGTAGGCGGGATGGCAAGTCAGATGTGAAATCCAGGGGCTCAACCCCTGAACTGCATTTGAAACTGTCGTTCTTGAGTACTGGAGAGGTTGACGGAATTCCTAGTGTAGCGGTGAAATGCGTAGATATTAGGAGGAACACCAGTGGCGAAGGCGGTCAACTGGACAGCAACTGACGCTGAGGCGCGAAAGCGTGGGGAGCAAACAGG	8	8	14	0	22	0	0	0	14	9	6	0	0	0	16	18	0	0	8	15	0	0	0	27	6	0	7	0	9	8	0	0	11	0	10	22	
TACGTAGGGGGCAAGCGTTATCCGGATTTACTGGGTGTAAAGGGAGCGTAGGCGGCAGTGCAAGTCAGAAGTGAAAGCCCGGGGCTCAACTCCGGGACTGCTTTTGAAACTGTACAGCTTGATTGCAGGAGAGGCAAGTGGAATTCCTAGTGTAGCGGTGAAATGCGTAGATATTAGGAGGAACACCAGTGGCGAAGGCGGCTTGCTGGACTGTAAATGACGCTGAGGCTCGAAAGCGTGGGGAGCAAACAGG	0	0	0	0	0	0	0	0	9	25	20	0	0	0	0	0	0	0	0	0	0	34	0	0	0	0	0	0	0	13	17	0	0	0	0	0	
TACGTAGGTGGCAAGCGTTGTCCGGAATGACTGGGCGTAAAGGGAGCGTAGGCGGCGCGGTAAGTTAGGAGTGAAATCCCGGGGCTCAACCCCGGAACTGCTTTTAAAACTGCCGTGCTTGAGTGATGGAGAGGAAAGCGGAATTCCTAGTGTAGCGGTGGAATGCGTAGATATTAGGAGGAACACCAGAGGCGAAGGCGGCTTTCTGGACATTAACTGACGCTGAGGCTCGAAAGCGTGGGGAGCAAACAGG	0	71	0	0	20	7	15	14	16	0	0	3	0	0	0	0	0	0	27	0	0	0	0	0	14	0	0	0	0	12	0	0	0	0	23	0	
TACGTAGGGAGCAAGCGTTATCCGGATTTATTGGGTGTAAAGGGTGCGTAGACGGGATAATAAGTTAGTTGTGAAATCCCTCGGCTCAACTGAGGAACTGCAACTAAAACTGTTATTCTTGAGTGTTGGAGAGGAAAGCGGAATTCCTAGTGTAGCGGTGAAATGCGTAGATATTAGGAGGAACACCAGTGGCGAAGGCGGCTTTCTGGACAATAACTGACGTTGAGGCACGAAAGTGTGGGGAGCAAACAGG	0	0	0	0	0	210	30	0	0	0	0	0	23	0	17	0	0	0	0	0	0	0	10	0	58	0	0	0	0	0	14	0	0	0	0	0	
TACGTAGGGAGCGAGCGTTGTCCGGATTTACTGGGTGTAAAGGGTGCGTAGGCGGCTTGGCAAGTCAGTAGTGAAATCCATGGGCTTAACCCATGAACTGCTATTGAAACTGTCGAGCTTGAGTGAAGTAGAGGTAGGCGGAATTCCCGGTGTAGCGGTGAAATGCGTAGAGATCGGGAGGAACACCAGTGGCGAAGGCGGCCTACTGGGCTTTAACTGACGCTGAGGCACGAAAGCGTGGGTAGCAAACAGG	0	11	0	0	27	0	0	0	0	0	0	0	0	21	0	0	10	0	21	0	0	0	0	0	12	0	0	0	0	0	0	0	0	0	0	18	
TACGTAGGGAGCAAGCGTTATCCGGATTTATTGGGTGTAAAGGGTGCGTAGACGGGAAGTCAAGTTGGTTGTGAAATCCCTCGGCTTAACTGAGGAACTGCAACCAAAACTAACTTTCTTGAGTGCTGGAGAGGAAAGTGGAATTCCTAGTGTAGCGGTGAAATGCGTAGATATTAGGAGGAACACCAGTGGCGAAGGCGACTTTCTGGACAGTAACTGACGTTGAGGCACGAAAGTGTGGGGAGCAAACAGG	0	0	27	65	0	0	0	0	0	0	36	0	0	0	0	0	0	0	0	0	29	0	0	0	0	0	56	0	0	0	0	0	0	48	30	37	
TACGTAGGGGGCGAGCGTTGTCCGGAATCACTGGGCGTAAAGGGCGCGTAGGCGGTAATATAAGTCAGATGTGAAAGGTGGGGGCTCAACCCCTAGAGTGCAACTGATACTGTATAACTTGAGTGTGAGAGAGGGAAGCGGAATTCCTAGTGTAGCGGTGAAATGCGTAGATATTAGGAGGAACACCAGTGGCGAAGGCGGCTTTCTGGCTCATAACTGACGCTGAGGCGCGAAAGCGTGGGGAGCAAACAGG	0	0	0	0	0	0	0	5	0	7	0	0	7	0	0	0	5	0	0	0	0	0	0	0	0	0	0	0	0	10	0	0	0	0	0	0	
TACGTAGGTGGCAAGCGTTATCCGGATTTACTGGGTGTAAAGGGCGTGTAGGCGGGACTGCAAGTCAGATGTGAAACCCATGGGCTCAACCCATGGCCTGCATTTGAAACTGTAGTTCTTGAGTGATGGAGAGGCAGGCGGAATTCCGTGTGTAGCGGTGAAATGCGTAGATATACGGAGGAACACCAGTGGCGAAGGCGGCCTGCTGGACATTAACTGACGCTGAGGCGCGAAAGCGTGGGGAGCAAACAGG	0	0	0	0	0	0	0	0	0	0	21	0	0	0	0	0	23	0	0	0	0	0	0	28	19	0	0	0	0	0	0	0	0	0	31	0	
TACGTAGGGAGCGAGCGTTGTCCGGATTTACTGGGTGTAAAGGGTGCGCAGGCGGCTCTGCAAGTCAGGCGTGAAAGCTAGGGGCTCAACCCCTAAACTGCGCTTGAAACTGTGGAGCTTGAGTGAAGTAGAGGCAGGCGGAATTCCCGGTGTAGCGGTGAAATGCGTAGAGATCGGGAGGAACACCAGTGGCGAAGGCGGCCTGCTGGGCTTTAACTGACGCTCAGGCACGAAAGCATGGGTAGCAAACAGG	0	0	6	0	0	0	0	0	0	4	0	0	0	0	0	0	0	0	0	0	0	5	0	7	0	0	0	0	0	0	0	0	0	0	15	9	
TACGTAGGGGGCAAGCGTTATCCGGATTTACTGGGTGTAAAGGGAGCGTAGGCGGCGATGCAAGTCAGAAGTGAAAGCCCGGGGCTCAACTCCGGGACTGCTTTTGAAACTGTATGGCTAGATTGCAGGAGAGGCAAGTGGAATTCCTAGTGTAGCGGTGAAATGCGTAGATATTAGGAGGAACACCAGTGGCGAAGGCGGCTTGCTGGACTGTAAATGACGCTGAGGCTCGAAAGCGTGGGGAGCAAACAGG	0	0	0	0	0	0	0	0	0	0	0	0	0	22	0	0	27	0	0	0	0	0	0	64	0	19	0	0	17	15	0	0	0	0	20	0	
TACATAGGGGGCAAGCGTTATCCGGAATTATTGGGTGTAAAGGGTGCGTAGACGGGAAATTAAGTTAGTTGTGAAATCCCCAGGCTCAACTTGGGAATTGCAACTAAAACTGGTTTTCTTGAGTACTGGAGAGGAAAGTGGAATTCCTAGTGTAGCGGTGAAATGCGTAGATATTAGGAGGAACACCAGTGGCGAAGGCGACTTTCTGGACAGAAACTGACGTTGAGGCACGAAAGTGTGGGGAGCAAACAGG	57	0	0	0	0	48	0	0	0	0	0	0	0	0	10	37	0	0	0	0	0	0	0	0	25	0	0	9	0	0	42	0	0	0	0	0	
TACGTAGGGAGCGAGCGTTATCCGGAATTATTGGGTGTAAAGGGTGCGTAGACGGGAAAGCAAGTTAGTTGTGAAATCCCTCGGCTTAACTGAGGAACTGCAACTAAAACTACTTTTCTTGAGTGCAGGAGAGGTAAGTGGAATTCCTAGTGTAGCGGTGAAATGCGTAGATATTAGGAGGAACACCAGTGGCGAAGGCGACTTACTGGACTGTAACTGACGTTGAGGCACGAAAGTGTGGGGAGCAAACAGG	0	0	0	0	0	0	0	0	31	0	10	0	0	0	14	0	0	0	0	0	0	0	0	0	0	0	0	0	24	20	0	0	0	0	44	0	
TACGTAGGGGGCAAGCGTTGTCCGGAATGACTGGGCGTAAAGGGAGTGTAGGCGGCTCATCAAGTTAGATGTGAAATCCCGCGGCTTAACCGCGGAACTGCATCTAAAACTGGTAAGCTGGAGTGCAGGAGAGGTGAGTGGAATTCCTAGTGTAGCGGTGGAATGCGTAGATATTAGGAGGAACACCAGAGGCGAAGGCGACTCACTGGACTGTAACTGACGCTGAGGCTCGAAAGCGTGGGGAGCAAACAGG	0	17	0	0	0	0	0	0	0	9	10	0	0	0	0	0	0	0	11	0	0	0	0	0	14	0	0	0	0	7	0	0	0	0	0	0	
TACGTAGGGAGCAAGCGTTATCCGGAATTATTGGGTGTAAAGGGTGCGTAGACGGGATAACAAGTTGGTTGTGAAACCCCTCGGCTCAACTGAGGAACTGCAACCAAAACTATTATTCTTGAGTGCAGGAGAGGAAAGTGGAATTCCTAGTGTAGCGGTGAAATGCGTAGATATTAGGAAGAACACCGGTGGCGAAGGCGACTTTCTGGACTGTAACTGACGTTGAGGCACGAAAGTGTGGGGAGCAAACAGG	26	0	0	0	0	14	0	0	0	8	0	0	0	0	0	0	0	0	16	0	0	0	0	0	0	0	0	0	0	0	78	0	0	0	0	0	
TACGTATGGTGCAAGCGTTATCCGGATTTACTGGGTGTAAAGGGAGCGTAGACGGCTGTGCAAGTCTGAAGTGAAAGGCCGGGGCCCAACCCCGGGAGTGCTTTGGAAACTGTGCGGCTAGAGTGTCGGAGAGGCAAGTGGAATTCCCAGTGTAGCGGTGAAATGCGTAGATATTGGGAGGAACACCAGTGGCGAAGGCGTCTTGCTGGACGATGACTGACGTTGAGGCTCGAAAGCGTGGGGAGCAAACAGG	0	0	0	0	0	0	0	0	0	8	0	0	0	0	0	0	0	0	25	0	0	18	0	7	0	0	0	0	0	10	0	0	0	0	0	0	
TACGTAGGAGGCAAGCGTTATCCGGAATGACTGGGCGTAAAGGGTGCGTAGGTGGTTTGGCAAGTTAGTAGCGTAACCCCGGGGCTCAACCTCGGAACTACTACTAAAACTGTCGGACTTGAGTGCAGGAGGGGCAATTGGAATTCCTAGTGTAGCGGTGGAATGCGTAGATATTAGGAGGAACACCAGTGGCGAAGGCGAATTGCTGGACTGTAACTGACACTGAGGCACGAAAGCGTGGGGAGCAAACAGG	8	24	0	0	30	0	0	0	0	19	0	0	0	0	0	0	24	0	0	0	0	12	0	0	15	0	0	0	0	0	0	0	0	0	0	0	
TACGTAGGTGGCGAGCGTTATCCGGAATTATTGGGCGTAAAGGGTGCGCAGGCGGCAAGAAAAGCTTAAGGTGAAAGCGTGGGGCTCAACCCCATAAAGCCTTAGGAACTAGCTTGCTAGAGTGCAGGAGAGGGCGATGGAATTCCATGTGTAGCGGTAAAATGCGTAGATATATGGAGGAACACCAGTGGCGAAGGCGGTCGCCTGGCCTGTAACTGACGCTGAGGCACGAAAGCGTGGGGAGCAAATAGG	0	0	6	7	0	10	0	0	8	0	6	4	5	4	0	0	0	0	0	0	6	0	6	9	0	0	0	0	0	12	10	0	0	0	7	0	
TACGTATGGAGCAAGCGTTATCCGGAATTACTGGGTGTAAAGGGAGCGTAGACGGATGTGCAAGTCTGATGTGAAAGGCGGGGGCTCAACCCCTGGACTGCATTGGAAACTGTAAATCTTGAGTGCCGGAGAGGTAAGCGGAATTCCTAGTGTAGCGGTGAAATGCGTAGATATTAGGAGGAACACCAGTGGCGAAGGCGGCTTACTGGACGGTAACTGACGTTGAGGCTCGAAAGCGTGGGGAGCAAACAGG	43	0	0	0	0	0	0	0	0	0	0	0	0	0	0	0	0	0	0	0	0	7	0	0	0	0	0	0	9	0	0	0	17	20	0	0	
TACGTAGGGGGCAAGCGTTGTTCGGAATGACTGGGCGTAAAGGGTGTGTAGGTGGTTTGATAAGTTAGATGTGTAATACCTAGGGCTTAACTCGGGTGCTGCATCTAAAACTGTTAGACTTGAGTACTGGAGAGGATAGTGGAATTCCTAGTGTAGCGGTGGAATGCGTAGATATTAGGAGGAACATCAGTGGCGAAGGCGACTATCTGGACAGCAACTGACACTGAGGCACGAAAGCGTGGGGAGCAAACAGG	0	0	0	0	5	9	0	0	4	0	11	0	0	0	0	0	0	0	15	0	9	0	0	0	17	0	6	0	0	0	0	0	0	0	0	0	
GACGGGGGGGGCAAGTGTTCTTCGGAATGACTGGGCGTAAAGGGCACGTAGGCGGTGAATCGGGTTGAAAGTGAAAGTCGCCAAAAAGTGGCGGAATGCTCTCGAAACCAATTCACTTGAGTGAGACAGAGGAGAGTGGAATTTCGTGTGTAGGGGTGAAATCCGTAGATCTACGAAGGAACGCCAAAAGCGAAGGCAGCTCTCTGGGTCCCTACCGACGCTGGGGTGCGAAAGCATGGGGAGCGAACAGG	0	0	0	0	6	9	0	0	0	0	0	0	0	0	0	0	0	0	0	0	0	0	0	0	8	0	5	0	0	0	0	3	0	0	0	70	
